AY919771_clone_LG25_05_Alveolata	Eukaryota;ALVEOLATA;Alveolata_X;Alveolata_XX;Alveolata_XXX;Alveolata_XXXX;Alveolata_XXXXX;Alveolata_XXXXX+sp.;Uncultured;Uncultured+freshwater
HM245049_Alveolata_sp_CCMP3155	Eukaryota;ALVEOLATA;Alveolata_X;Alveolata_XX;Alveolata_XXX;Alveolata_XXXX;Chromerida;Chromerida+sp.;Chromerida;Chromerida+sp.
AB000912_Tridacna_parasite_Apicomplexa	Eukaryota;ALVEOLATA;Apicomplexa;Apicomplexa_X;Apicomplexa_XX;Apicomplexa_XXX;Tridacna;Tridacna+hemolymph;Tridacna;Tridacna+hemolymph
AF238265_symbiont_TypeN_clone2	Eukaryota;ALVEOLATA;Apicomplexa;Apicomplexa_X;Coccidia;Coccidia-un.-Symbiont;Coccidia-un.-Symbiont_X;Coccidia-un.-Symbiont_X+sp.;#unidentified#;#unidentified+symbiont#
U40262_Eimeria_mitis	Eukaryota;ALVEOLATA;Apicomplexa;Apicomplexa_X;Coccidia;Eimeriidae;Eimeria;Eimeria+mitis;Eimeria;Eimeria+mitis
AB089284_Cryptosporidium_muris	Eukaryota;ALVEOLATA;Apicomplexa;Apicomplexa_X;Coccidia;Eucoccidiorida;Cryptosporidium;Cryptosporidium+muris;Cryptosporidium;Cryptosporidium+muris
L16996_Cryptosporidium_parvum	Eukaryota;ALVEOLATA;Apicomplexa;Apicomplexa_X;Coccidia;Eucoccidiorida;Cryptosporidium;Cryptosporidium+parvum;Cryptosporidium;Cryptosporidium+parvum
AF297085_Hepatozoon_sp_Boiga	Eukaryota;ALVEOLATA;Apicomplexa;Apicomplexa_X;Coccidia;Hepatozoon-group;Hepatozoon;Hepatozoon+sp.;Hepatozoon;Hepatozoon+sp.
AF017121_Sarcocystis_buffalonis	Eukaryota;ALVEOLATA;Apicomplexa;Apicomplexa_X;Coccidia;Sarcocystidae;Sarcocystis;Sarcocystis+buffalonis;Sarcocystis;Sarcocystis+buffalonis
X75453_Toxoplasma_gondii	Eukaryota;ALVEOLATA;Apicomplexa;Apicomplexa_X;Coccidia;Sarcocystidae;Toxoplasma;Toxoplasma+gondii;Toxoplasma;Toxoplasma+gondii
DQ174731_Chromera_velia_CMS22	Eukaryota;ALVEOLATA;Apicomplexa;Apicomplexa_X;Colpodellidae;Colpodellidae_X;Chromera;Chromera+velia;Chromera;Chromera+velia
AY234843_Colpodella_edax	Eukaryota;ALVEOLATA;Apicomplexa;Apicomplexa_X;Colpodellidae;Colpodellidae_X;Colpodella;Colpodella+edax;Colpodella;Colpodella+edax
AY078092_Colpodella_pontica	Eukaryota;ALVEOLATA;Apicomplexa;Apicomplexa_X;Colpodellidae;Colpodellidae_X;Colpodella;Colpodella+pontica;Colpodella;Colpodella+pontica
AF330214_Colpodella_tetrahymenae	Eukaryota;ALVEOLATA;Apicomplexa;Apicomplexa_X;Colpodellidae;Colpodellidae_X;Colpodella;Colpodella+tetrahymenae;Colpodella;Colpodella+tetrahymenae
AF372785_clone_BOLA553	Eukaryota;ALVEOLATA;Apicomplexa;Apicomplexa_X;Colpodellidae;Colpodellidae_X;Colpodellidae_XX;Colpodellidae_XX+sp.;Uncultured;Uncultured+alveolate
DQ244027_clone_PAA22AU2004	Eukaryota;ALVEOLATA;Apicomplexa;Apicomplexa_X;Colpodellidae;Colpodellidae_X;Colpodellidae_XX;Colpodellidae_XX+sp.;Uncultured;Uncultured+alveolate
EF025008_clone_Elev_18S_5171	Eukaryota;ALVEOLATA;Apicomplexa;Apicomplexa_X;Colpodellidae;Colpodellidae_X;Colpodellidae_XX;Colpodellidae_XX+sp.;Uncultured;Uncultured+eukaryote
EF666482_Ascogregarina_taiwanensis	Eukaryota;ALVEOLATA;Apicomplexa;Apicomplexa_X;Gregarines;Gregarines_X;Ascogregarina;Ascogregarina+taiwanensis;Ascogregarina;Ascogregarina+taiwanensis
AY334569_Mattesia_sp_SV2003	Eukaryota;ALVEOLATA;Apicomplexa;Apicomplexa_X;Gregarines;Gregarines_X;Mattesia;Mattesia+sp.;Mattesia;Mattesia+sp.
AY196709_Selenidium_terebellae	Eukaryota;ALVEOLATA;Apicomplexa;Apicomplexa_X;Gregarines;Gregarines_X;Selenidium;Selenidium+terebellae;Selenidium;Selenidium+terebellae
FJ459761_Stylocephalus_giganteus	Eukaryota;ALVEOLATA;Apicomplexa;Apicomplexa_X;Gregarines;Gregarines_X;Stylocephalus;Stylocephalus+giganteus;Stylocephalus;Stylocephalus+giganteus
DQ176427_Syncystis_mirabilis	Eukaryota;ALVEOLATA;Apicomplexa;Apicomplexa_X;Gregarines;Gregarines_X;Syncystis;Syncystis+mirabilis;Syncystis;Syncystis+mirabilis
M19172_Plasmodium_falciparum	Eukaryota;ALVEOLATA;Apicomplexa;Apicomplexa_X;Haemosporida;Plasmodium-group;Plasmodium;Plasmodium+falciparum;Plasmodium(Laverania);Plasmodium+falciparum
U97052_Theileria_sp_Chungnam	Eukaryota;ALVEOLATA;Apicomplexa;Apicomplexa_X;Piroplasmida;Theileria-group;Theileria;Theileria+sp.;Theileria;Theileria+sp.
U97108_Caenomorpha_uniserialis	Eukaryota;ALVEOLATA;Ciliophora;Armophorea;Armophorida;Caenomorphidae;Caenomorpha;Caenomorpha+uniserialis;Caenomorpha;Caenomorpha+uniserialis
L31518_Spirostomum_ambiguum	Eukaryota;ALVEOLATA;Ciliophora;Heterotrichea;Heterotrichida;Spirostomidae;Spirostomum;Spirostomum+ambiguum;Spirostomum;Spirostomum+ambiguum
AF357145_Stentor_coeruleus	Eukaryota;ALVEOLATA;Ciliophora;Heterotrichea;Heterotrichida;Stentoridae;Stentor;Stentor+coeruleus;Stentor;Stentor+coeruleus
U24248_Loxodes_striatus	Eukaryota;ALVEOLATA;Ciliophora;Karyorelictea;Loxodida;Loxodidae;Loxodes;Loxodes+striatus;Loxodes;Loxodes+striatus
L31520_Tracheloraphis_sp	Eukaryota;ALVEOLATA;Ciliophora;Karyorelictea;Protostomatida;Protostomatida_X;Tracheloraphis;Tracheloraphis+sp.;Tracheloraphis;Tracheloraphis+sp.
L26448_Loxophyllum_utriculariae	Eukaryota;ALVEOLATA;Ciliophora;Litostomatea;Haptoria;Litonotidae;Loxophyllum;Loxophyllum+utriculariae;Loxophyllum;Loxophyllum+utriculariae
X03772_Paramecium_tetraurelia	Eukaryota;ALVEOLATA;Ciliophora;Oligohymenophorea;Peniculia;Parameciidae;Paramecium;Paramecium+tetraurelia;Paramecium;Paramecium+tetraurelia
AF401522_Carchesium_polypinum	Eukaryota;ALVEOLATA;Ciliophora;Oligohymenophorea;Sessilida;Vorticellidae;Carchesium;Carchesium+polypinum;Carchesium;Carchesium+polypinum
X56165_Tetrahymena_thermophila	Eukaryota;ALVEOLATA;Ciliophora;Oligohymenophorea;Tetrahymenida;Tetrahymenidae;Tetrahymena;Tetrahymena+thermophila;Tetrahymena;Tetrahymena+thermophila
AF300281_Chilodonella_uncinata	Eukaryota;ALVEOLATA;Ciliophora;Phyllopharyngea;Cyrtophoria;Chilodonellidae;Chilodonella;Chilodonella+uncinata;Chilodonella;Chilodonella+uncinata
U97111_Prorodon_viridis	Eukaryota;ALVEOLATA;Ciliophora;Prostomatea;Prostomatea-3;Prorodontidae;Prorodon;Prorodon+viridis;Prorodon;Prorodon+viridis
X03948_Sterkiella_nova	Eukaryota;ALVEOLATA;Ciliophora;Spirotrichea;Hypotrichia;Oxytrichidae;Sterkiella;Sterkiella+nova;Sterkiella;Sterkiella+nova
U27500_Alexandrium_ostenfeldii	Eukaryota;ALVEOLATA;Dinophyta;Dinophyceae;Dinophyceae_X;Dinophyceae_XX;Alexandrium;Alexandrium+ostenfeldii;Alexandrium;Alexandrium+ostenfeldii
AF080096_Amyloodinium_ocellatum	Eukaryota;ALVEOLATA;Dinophyta;Dinophyceae;Dinophyceae_X;Dinophyceae_XX;Amyloodinium;Amyloodinium+ocellatum;Amyloodinium;Amyloodinium+ocellatum
AY347309_Cochlodinium_polykrikoides	Eukaryota;ALVEOLATA;Dinophyta;Dinophyceae;Dinophyceae_X;Dinophyceae_XX;Cochlodinium;Cochlodinium+polykrikoides;Cochlodinium;Cochlodinium+polykrikoides
GU290070_clone_TKR07E_24_Alveolata	Eukaryota;ALVEOLATA;Dinophyta;Dinophyceae;Dinophyceae_X;Dinophyceae_XX;Dinophyceae_XXX;Dinophyceae_XXX+sp.;Uncultured;Uncultured+eukaryote
EU598692_Haplozoon_praxillellae	Eukaryota;ALVEOLATA;Dinophyta;Dinophyceae;Dinophyceae_X;Dinophyceae_XX;Haplozoon;Haplozoon+praxillellae;Haplozoon;Haplozoon+praxillellae
AF022200_Noctiluca_scintillans	Eukaryota;ALVEOLATA;Dinophyta;Dinophyceae;Dinophyceae_X;Dinophyceae_XX;Noctiluca;Noctiluca+scintillans;Noctiluca;Noctiluca+scintillans
EU162630_EnvClone_PAC08SP2005	Eukaryota;ALVEOLATA;Dinophyta;Dinophyceae;Dinophyceae_X;Dinophyceae_XX;Prorocentrum;Prorocentrum+sp.;Uncultured;Uncultured+alveolate
M88521_Symbiodinium_microadriaticum	Eukaryota;ALVEOLATA;Dinophyta;Dinophyceae;Suessiales;Suessiales_X;Symbiodinium;Symbiodinium+microadriaticum;Symbiodinium;Symbiodinium+microadriaticum
AB264776_Ichthyodinium_chabelardi	Eukaryota;ALVEOLATA;Dinophyta;Syndiniales;Dino-Group-I;Dino-Group-I-Clade-3;Ichthyodinium;Ichthyodinium+chabelardi;Ichthyodinium;Ichthyodinium+chabelardi
AJ402327_EnvClone_OLI11001	Eukaryota;ALVEOLATA;Dinophyta;Syndiniales;Dino-Group-I;Dino-Group-I-Clade-5;Dino-Group-I-Clade-5_X;Dino-Group-I-Clade-5_X+sp.;eukaryote;eukaryote+clone
AF472555_Amoebophrya_sp	Eukaryota;ALVEOLATA;Dinophyta;Syndiniales;Dino-Group-II;Dino-Group-II-Clade-2;Dino-Group-II-Clade-2_X;Dino-Group-II-Clade-2_X+sp.;Amoebophrya;Amoebophrya+sp.
AJ402349_EnvClone_OLI11005	Eukaryota;ALVEOLATA;Dinophyta;Syndiniales;Dino-Group-III;Dino-Group-III_X;Dino-Group-III_XX;Dino-Group-III_XX+sp.;eukaryote;eukaryote+clone
EF065717_Hematodinium_perezi_Ld18S1	Eukaryota;ALVEOLATA;Dinophyta;Syndiniales;Dino-Group-IV;Dino-Group-IV-Hematodinium-Group;Hematodinium;Hematodinium+perezi;Hematodinium;Hematodinium+perezi
AF497479_Perkinsus_marinus	Eukaryota;ALVEOLATA;Perkinsea;Perkinsida;Perkinsida_X;Perkinsida_XX;Perkinsus;Perkinsus+marinus;Perkinsus;Perkinsus+marinus
EU273440_Amoebozoa_sp_ATCC50593	Eukaryota;AMOEBOZOA;Conosa;Variosea;ATCC50593-Flamella-WIM80-lineage;ATCC50593-lineage;ATCC50593-lineage_X;ATCC50593-lineage_X+sp.;Arachnula;Arachnula+sp.
EU186021_Flamella_aegyptia	Eukaryota;AMOEBOZOA;Conosa;Variosea;ATCC50593-Flamella-WIM80-lineage;Flamella-lineage;Flamella;Flamella+aegyptia;Flamella;Flamella+aegyptia
AY082989_clone_RT5iin44_Variosea	Eukaryota;AMOEBOZOA;Conosa;Variosea;ATCC50593-Flamella-WIM80-lineage;WIM80-lineage;WIM80-lineage_X;WIM80-lineage_X+sp.;Uncultured;Uncultured+eukaryote
AF293897_Acramoeba_dendroida	Eukaryota;AMOEBOZOA;Conosa;Variosea;Variosea_X;Acramoebidae;Acramoeba;Acramoeba+dendroida;Gephyramoeba;Gephyramoeba+sp.
AY965863_Variosea_sp_AND16	Eukaryota;AMOEBOZOA;Conosa;Variosea;Variosea_X;AND16-lineage;AND16-lineage_X;AND16-lineage_X+sp.;soil;soil+amoeba
AF293896_Filamoeba_nolandi_ATCC50430	Eukaryota;AMOEBOZOA;Conosa;Variosea;Variosea_X;Filamoebidae;Filamoeba;Filamoeba+nolandi;Filamoeba;Filamoeba+nolandi
AB425950_Variosea_sp_Mb5C	Eukaryota;AMOEBOZOA;Conosa;Variosea;Variosea_X;Mb5C-lineage;Mb5C-lineage_X;Mb5C-lineage_X+sp.;Lobosea;Lobosea+sp.
AF280078_Phalansterium_solitarium_ATCC50327	Eukaryota;AMOEBOZOA;Conosa;Variosea;Variosea_X;Phalansteriidae;Phalansterium;Phalansterium+solitarium;Phalansterium;Phalansterium+solitarium
FJ544419_Ceratiomyxella_tahitiensis_HI0493l1	Eukaryota;AMOEBOZOA;Conosa;Variosea;Variosea_X;Schizoplasmodiids;Ceratiomyxella;Ceratiomyxella+tahitiensis;Ceratiomyxella;Ceratiomyxella+tahitiensis
AY268037_Multicilia_marina	Eukaryota;AMOEBOZOA;Conosa;Variosea;Variosea_X;Variosea_XX;Multicilia;Multicilia+marina;Multicilia;Multicilia+marina
EF023424_clone_Amb_18S_765_Variosea	Eukaryota;AMOEBOZOA;Conosa;Variosea;Variosea_X;Variosea_XX;Variosea_XXX;Variosea_XXX+sp.;Acanthamoeba;Acanthamoeba+environmental
AM114811_clone_WIM01_Variosea	Eukaryota;AMOEBOZOA;Conosa;Variosea;Variosea_X;WIM-1-lineage;WIM-1-lineage_X;WIM-1-lineage_X+sp.;Uncultured;Uncultured+eukaryote
AM114801_clone_WIM05_Variosea	Eukaryota;AMOEBOZOA;Conosa;Variosea;Variosea_X;WIM5-lineage;WIM5-lineage_X;WIM5-lineage_X+sp.;Uncultured;Uncultured+eukaryote
AY183893_Korotnevella_stella_CCAP15476	Eukaryota;AMOEBOZOA;Lobosa;Discosea-Flabellinia;Dactylopodida;Paramoebidae;Korotnevella;Korotnevella+stella;Korotnevella;Korotnevella+stella
AY183894_Neoparamoeba_pemaquidens_CCAP15604	Eukaryota;AMOEBOZOA;Lobosa;Discosea-Flabellinia;Dactylopodida;Paramoebidae;Neoparamoeba;Neoparamoeba+pemaquidensis;Neoparamoeba;Neoparamoeba+pemaquidensis
AY294149_Vexillifera_minutissima	Eukaryota;AMOEBOZOA;Lobosa;Discosea-Flabellinia;Dactylopodida;Vexilliferidae;Vexillifera;Vexillifera+minutissima;Vexillifera;Vexillifera+minutissima
AY183886_Lingulamoeba_leei_ATCC30734	Eukaryota;AMOEBOZOA;Lobosa;Discosea-Flabellinia;Vannellida;Vannellidae;Lingulamoeba;Lingulamoeba+leei;Lingulamoeba;Lingulamoeba+leei
AF099101_Vannella_anglica_CCAP15898	Eukaryota;AMOEBOZOA;Lobosa;Discosea-Flabellinia;Vannellida;Vannellidae;Vannella;Vannella+anglica;Vannella;Vannella+anglica
AY294150_Vannella_placida	Eukaryota;AMOEBOZOA;Lobosa;Discosea-Flabellinia;Vannellida;Vannellidae;Vannella;Vannella+placida;Platyamoeba;Platyamoeba+placida
AY294148_Dermamoeba_algensis	Eukaryota;AMOEBOZOA;Lobosa;Discosea-Longamoebia;Dermamoebida;Dermamoebidae;Dermamoeba;Dermamoeba+algensis;Dermamoeba;Dermamoeba+algensis
AY294143_Mayorella_sp_JJP2003	Eukaryota;AMOEBOZOA;Lobosa;Discosea-Longamoebia;Dermamoebida;Mayorellidae;Mayorella;Mayorella+sp.;Mayorella;Mayorella+sp.
AY919786_clone_LG30_03_Amoebozoa	Eukaryota;AMOEBOZOA;Lobosa;Discosea-Longamoebia;Dermamoebida;;;;;
DQ122380_Sappinia_diploidea_CCAP15752	Eukaryota;AMOEBOZOA;Lobosa;Discosea-Longamoebia;Thecamoebida;Thecamoebidae;Sappinia;Sappinia+diploidea;Sappinia;Sappinia+diploidea
AY294144_Stenamoeba_stenopodia	Eukaryota;AMOEBOZOA;Lobosa;Discosea-Longamoebia;Thecamoebida;Thecamoebidae;Stenamoeba;Stenamoeba+stenopodia;Platyamoeba;Platyamoeba+stenopodia
M13435_Acanthamoeba_castellanii	Eukaryota;AMOEBOZOA;Lobosa;Lobosa_X;Centramoebida;Acanthamoebidae;Acanthamoeba;Acanthamoeba+castellanii;Acanthamoeba;Acanthamoeba+castellanii
AY960120_Protacanthamoeba_bohemica	Eukaryota;AMOEBOZOA;Lobosa;Lobosa_X;Centramoebida;Acanthamoebidae;Protacanthamoeba;Protacanthamoeba+bohemica;Protacanthamoeba;Protacanthamoeba+bohemica
AF477019_Balamuthia_mandrillaris_V039	Eukaryota;AMOEBOZOA;Lobosa;Lobosa_X;Centramoebida;Balamuthiidae;Balamuthia;Balamuthia+mandrillaris;Balamuthia;Balamuthia+mandrillaris
DQ229956_Vermistella_antarctica_S241	Eukaryota;AMOEBOZOA;Lobosa;Lobosa_X;Stygamoebida;Vermistella-lineage;Vermistella;Vermistella+antarctica;Vermistella;Vermistella+antarctica
AY848964_Heleopera_sphagni	Eukaryota;AMOEBOZOA;Lobosa;Tubulinea;Arcellinida;Heleoperidae;Heleopera;Heleopera+sphagni;Heleopera;Heleopera+sphagni
AF293895_Echinamoeba_exundans_ATCC50171	Eukaryota;AMOEBOZOA;Lobosa;Tubulinea;Echinamoebida;Echinamoebidae;Echinamoeba;Echinamoeba+exundans;Echinamoeba;Echinamoeba+exundans
AJ489262_Echinamoeba_thermarum_OSB1	Eukaryota;AMOEBOZOA;Lobosa;Tubulinea;Echinamoebida;Echinamoebidae;Echinamoeba;Echinamoeba+thermarum;Echinamoeba;Echinamoeba+thermarum
AY502959_Vermamoeba_vermiformis_KWR_1	Eukaryota;AMOEBOZOA;Lobosa;Tubulinea;Echinamoebida;Vermamoebidae;Vermamoeba;Hartmannella+vermiformis;Hartmannella;Hartmannella+vermiformis
AJ314604_Amoeba_proteus	Eukaryota;AMOEBOZOA;Lobosa;Tubulinea;Euamoebida;Amoebidae;Amoeba;Amoeba+proteus;Amoeba;Amoeba+proteus
AY294146_Glaeseria_mira	Eukaryota;AMOEBOZOA;Lobosa;Tubulinea;Euamoebida;Hartmannellidae;Glaeseria;Glaeseria+mira;Glaeseria;Glaeseria+mira
AY294147_Hartmannella_cantabrigiensis	Eukaryota;AMOEBOZOA;Lobosa;Tubulinea;Euamoebida;Hartmannellidae;Hartmannella;Hartmannella+cantabrigiensis;Hartmannella;Hartmannella+cantabrigiensis
AF293902_Saccamoeba_limax_ATCC30942	Eukaryota;AMOEBOZOA;Lobosa;Tubulinea;Euamoebida;LOS7N/I-lineage;LOS7N/I-lineage_X;LOS7N/I-lineage_X+sp.;Saccamoeba;Saccamoeba+limax
AF293898_Leptomyxa_reticulata_ATCC50242	Eukaryota;AMOEBOZOA;Lobosa;Tubulinea;Leptomyxida;Leptomyxidae;Leptomyxa;Leptomyxa+reticulata;Leptomyxa;Leptomyxa+reticulata
EU719197_Rhizamoeba_saxonica_CCAP15702	Eukaryota;AMOEBOZOA;Lobosa;Tubulinea;Leptomyxida;Rhizamoeba-saxonica-lineage;Rhizamoeba;Rhizamoeba+saxonica;Rhizamoeba;Rhizamoeba+saxonica
DQ190241_Hartmannella_abertawensis_CCAP15349	Eukaryota;AMOEBOZOA;Lobosa;Tubulinea;Nolandida;Nolandellidae;Hartmannella;Hartmannella+abertawensis;Hartmannella;Hartmannella+abertawensis
AY050178_Manchomonas_bermudensis_ATCC50234	Eukaryota;APUSOZOA;Apusomonadidae;Apusomonadidae_Group-1;Apusomonadidae_Group-1_X;Apusomonadidae_Group-1_XX;Amastigomonas;Amastigomonas+bermudensis;Amastigomonas;Amastigomonas+bermudensis
AY050182_Podomonas_capensis	Eukaryota;APUSOZOA;Apusomonadidae;Apusomonadidae_Group-1;Apusomonadidae_Group-1_X;Apusomonadidae_Group-1_XX;Amastigomonas;Amastigomonas+mutabilis;Amastigomonas;Amastigomonas+mutabilis
AY050179_Thecamonas_sp_CCAP_contaminant	Eukaryota;APUSOZOA;Apusomonadidae;Apusomonadidae_Group-1;Apusomonadidae_Group-1_X;Apusomonadidae_Group-1_XX;Amastigomonas;Amastigomonas+sp.;Amastigomonas;Amastigomonas+sp.
AY050181_Multimonas_media_Millport	Eukaryota;APUSOZOA;Apusomonadidae;Apusomonadidae_Group-1;Apusomonadidae_Group-1_X;Apusomonadidae_Group-1_XX;Amastigomonas;Amastigomonas+sp.;Amastigomonas;Amastigomonas+sp.
EU542598_Thecamonas_oxoniensis_Ivy8c	Eukaryota;APUSOZOA;Apusomonadidae;Apusomonadidae_Group-1;Apusomonadidae_Group-1_X;Apusomonadidae_Group-1_XX;Amastigomonas;Amastigomonas+sp.;Amastigomonas;Amastigomonas+sp.
AB505487_clone_RM1SGM30_Apusomonadida	Eukaryota;APUSOZOA;Apusomonadidae;Apusomonadidae_Group-1;Apusomonadidae_Group-1_X;Apusomonadidae_Group-1_XX;Apusomonadidae_Group-1_XXX;Apusomonadidae_Group-1_XXX+sp.;Uncultured;Uncultured+eukaryote
AB505488_clone_RM1SGM31_Apusomonadida	Eukaryota;APUSOZOA;Apusomonadidae;Apusomonadidae_Group-1;Apusomonadidae_Group-1_X;Apusomonadidae_Group-1_XX;Apusomonadidae_Group-1_XXX;Apusomonadidae_Group-1_XXX+sp.;Uncultured;Uncultured+eukaryote
AB505549_clone_RM2SGM41_Apusomonadida	Eukaryota;APUSOZOA;Apusomonadidae;Apusomonadidae_Group-1;Apusomonadidae_Group-1_X;Apusomonadidae_Group-1_XX;Apusomonadidae_Group-1_XXX;Apusomonadidae_Group-1_XXX+sp.;Uncultured;Uncultured+eukaryote
AB505550_clone_RM2SGM42_Apusomonadida	Eukaryota;APUSOZOA;Apusomonadidae;Apusomonadidae_Group-1;Apusomonadidae_Group-1_X;Apusomonadidae_Group-1_XX;Apusomonadidae_Group-1_XXX;Apusomonadidae_Group-1_XXX+sp.;Uncultured;Uncultured+eukaryote
AB505552_clone_RM2SGM44_Apusomonadida	Eukaryota;APUSOZOA;Apusomonadidae;Apusomonadidae_Group-1;Apusomonadidae_Group-1_X;Apusomonadidae_Group-1_XX;Apusomonadidae_Group-1_XXX;Apusomonadidae_Group-1_XXX+sp.;Uncultured;Uncultured+eukaryote
L37037_Apusomonas_proboscidea_CCAP19051	Eukaryota;APUSOZOA;Apusomonadidae;Apusomonadidae_Group-1;Apusomonadidae_Group-1_X;Apusomonadidae_Group-1_XX;Apusomonas;Apusomonas+proboscidea;Apusomonas;Apusomonas+proboscidea
M32703_Chlamydomonas_reinhardtii	Eukaryota;ARCHAEPLASTIDA;Chlorophyta;Chlorophyceae;Chlorophyceae_X;CW-Chlamydomonadales;Chlamydomonas;Chlamydomonas+reinhardtii;Chlamydomonas;Chlamydomonas+reinhardtii
AF509625_Dolichomastix_tenuilepis	Eukaryota;ARCHAEPLASTIDA;Chlorophyta;Mamiellophyceae;Dolichomastigales;Dolichomastigaceae;Dolichomastix;Dolichomastix+tenuilepis;Dolichomastix;Dolichomastix+tenuilepis
AB017129_Mamiella_sp_Shizugawa	Eukaryota;ARCHAEPLASTIDA;Chlorophyta;Mamiellophyceae;Mamiellales;Mamiellaceae;Mamiella;Mamiella+gilva;Mamiella;Mamiella+sp.
AY425306_Nephroselmis_pyriformis	Eukaryota;ARCHAEPLASTIDA;Chlorophyta;Nephroselmidophyceae;Nephroselmidophyceae_X;Nephroselmidaceae;Nephroselmis;Nephroselmis+pyriformis_strain1;Nephroselmis;Nephroselmis+pyriformis
X91264_Pycnococcus_provasolii	Eukaryota;ARCHAEPLASTIDA;Chlorophyta;Prasino-Clade-V;Prasino-Clade-V_X;Pycnococcaceae;Pycnococcus;Pycnococcus+provasolii;Pycnococcus;Pycnococcus+provasolii
AF153314_Picocystis_salinarum	Eukaryota;ARCHAEPLASTIDA;Chlorophyta;Prasino-Clade-VII;Prasino-Clade-VII_X;Prasino-Clade-VII-C;Picocystis;Picocystis+salinarum;Picocystis;Picocystis+salinarum
AF203400_Prasinococcus_sp_CCMP1194	Eukaryota;ARCHAEPLASTIDA;Chlorophyta;Prasinococcales;Prasinococcales_X;Prasinococcales-Clade-A;Prasinococcus;Prasinococcus+capsulatus;Prasinococcus;Prasinococcus+sp.
AB058379_Prasinoderma_coloniale	Eukaryota;ARCHAEPLASTIDA;Chlorophyta;Prasinococcales;Prasinococcales_X;Prasinococcales-Clade-B;Prasinoderma;Prasinoderma+coloniale;Prasinoderma;Prasinoderma+coloniale
AJ010407_Pterosperma_cristatum	Eukaryota;ARCHAEPLASTIDA;Chlorophyta;Pyramimonadales;Pyramimonadales_X;Pyramimonadales_XX;Pterosperma;Pterosperma+cristatum;Pterosperma;Pterosperma+cristatum
X13688_Chlorella_vulgaris	Eukaryota;ARCHAEPLASTIDA;Chlorophyta;Trebouxiophyceae;Chlorellales;Chlorellales_X;Chlorella;Chlorella+vulgaris;Chlorella;Chlorella+vulgaris
AJ005414_Ulva_rigida	Eukaryota;ARCHAEPLASTIDA;Chlorophyta;Ulvophyceae;Ulvales-relatives;Ulvales-relatives_X;Ulva;Ulva+rigida;Ulva;Ulva+rigida
Y16465_Chara_globularis	Eukaryota;ARCHAEPLASTIDA;Streptophyta;Charophyceae;Charophyceae_X;Charophyceae_XX;Chara;Chara+globularis;Chara;Chara+globularis
X68825_Coleochaete_scutata	Eukaryota;ARCHAEPLASTIDA;Streptophyta;Coleochaetophyceae;Coleochaetophyceae_X;Coleochaetophyceae_XX;Coleochaete;Coleochaete+scutata;Coleochaete;Coleochaete+scutata
X79407_Abies_lasiocarpa	Eukaryota;ARCHAEPLASTIDA;Streptophyta;Embryophyceae;Embryophyceae_X;Embryophyceae_XX;Abies;Abies+lasiocarpa;Abies;Abies+lasiocarpa
X52322_Arabidopsis_thaliana	Eukaryota;ARCHAEPLASTIDA;Streptophyta;Embryophyceae;Embryophyceae_X;Embryophyceae_XX;Arabidopsis;Arabidopsis+thaliana;Arabidopsis;Arabidopsis+thaliana
X81964_Huperzia_phlegmaria	Eukaryota;ARCHAEPLASTIDA;Streptophyta;Embryophyceae;Embryophyceae_X;Embryophyceae_XX;Huperzia;Huperzia+phlegmaria;Huperzia;Huperzia+phlegmaria
X75521_Marchantia_polymorpha	Eukaryota;ARCHAEPLASTIDA;Streptophyta;Embryophyceae;Embryophyceae_X;Embryophyceae_XX;Marchantia;Marchantia+polymorpha;Marchantia;Marchantia+polymorpha
U18628_Pteridium_aquilinum	Eukaryota;ARCHAEPLASTIDA;Streptophyta;Embryophyceae;Embryophyceae_X;Embryophyceae_XX;Pteridium;Pteridium+aquilinum;Pteridium;Pteridium+aquilinum
AY049040_Triticum_aestivum	Eukaryota;ARCHAEPLASTIDA;Streptophyta;Embryophyceae;Embryophyceae_X;Embryophyceae_XX;Triticum;Triticum+aestivum;Triticum;Triticum+aestivum
AJ250112_Klebsormidium_nitens	Eukaryota;ARCHAEPLASTIDA;Streptophyta;Klebsormidiophyceae;Klebsormidiophyceae_X;Klebsormidiophyceae_XX;Klebsormidium;Klebsormidium+nitens;Klebsormidium;Klebsormidium+nitens
AJ250110_Chaetosphaeridium_globosum	Eukaryota;ARCHAEPLASTIDA;Streptophyta;Mesostigmatophyceae;Mesostigmatophyceae_X;Mesostigmatophyceae_XX;Chaetosphaeridium;Chaetosphaeridium+globosum;Chaetosphaeridium;Chaetosphaeridium+globosum
AJ250109_Mesostigma_viride	Eukaryota;ARCHAEPLASTIDA;Streptophyta;Mesostigmatophyceae;Mesostigmatophyceae_X;Mesostigmatophyceae_XX;Mesostigma;Mesostigma+viride;Mesostigma;Mesostigma+viride
AF352242_Closterium_selenastrum_R940	Eukaryota;ARCHAEPLASTIDA;Streptophyta;Zygnemophyceae;Zygnemophyceae_X;Zygnemophyceae_XX;Closterium;Closterium+selenastrum;Closterium;Closterium+selenastrum
AJ428117_Desmidium_grevillii	Eukaryota;ARCHAEPLASTIDA;Streptophyta;Zygnemophyceae;Zygnemophyceae_X;Zygnemophyceae_XX;Desmidium;Desmidium+grevillei;Desmidium;Desmidium+grevillei
AJ428077_Zygnema_sp_M1384	Eukaryota;ARCHAEPLASTIDA;Streptophyta;Zygnemophyceae;Zygnemophyceae_X;Zygnemophyceae_XX;Zygnema;Zygnema+sp.;Zygnema;Zygnema+sp.
AJ010592_Nm_Guillardia_theta	Eukaryota;ARCHAEPLASTIDA2;Cryptophyta-nucleomorph;Cryptophyta-nucleomorph_X;Cryptophyta-nucleomorph_XX;Cryptophyta-nucleomorph_XXX;Guillardia-nucleomorph;Guillardia-nucleomorph+theta;Guillardia;Guillardia+theta
CP000881_Nm_Hemiselmis_andersenii_CCMP644	Eukaryota;ARCHAEPLASTIDA2;Cryptophyta-nucleomorph;Cryptophyta-nucleomorph_X;Cryptophyta-nucleomorph_XX;Cryptophyta-nucleomorph_XXX;Hemiselmis;Hemiselmis+andersenii;Hemiselmis;Hemiselmis+andersenii
AF169336_Bangia_fuscopurpurea	Eukaryota;ARCHAEPLASTIDA2;Rhodophyta;Bangiophyceae;Bangiales;Bangiaceae;Bangia;Bangia+fuscopurpurea;Bangia;Bangia+fuscopurpurea
AB013179_Porphyra_umbilicalis	Eukaryota;ARCHAEPLASTIDA2;Rhodophyta;Bangiophyceae;Bangiales;Bangiaceae;Porphyra;Porphyra+umbilicalis;Porphyra;Porphyra+umbilicalis
L26187_Dixoniella_grisea	Eukaryota;ARCHAEPLASTIDA2;Rhodophyta;Bangiophyceae;Bangiophyceae_X;Bangiophyceae_XX;Dixoniella;Dixoniella+grisea;Dixoniella;Dixoniella+grisea
AB158483_Cyanidioschyzon_merolae	Eukaryota;ARCHAEPLASTIDA2;Rhodophyta;Bangiophyceae;Cyanidiales;Cyanidiales_X;Cyanidioschyzon;Cyanidioschyzon+merolae;Cyanidioschyzon;Cyanidioschyzon+merolae
AB090833_Cyanidium_caldarium	Eukaryota;ARCHAEPLASTIDA2;Rhodophyta;Bangiophyceae;Cyanidiales;Cyanidiales_X;Cyanidium;Cyanidium+caldarium;Cyanidium;Cyanidium+caldarium
AB091229_Galdieria_partita	Eukaryota;ARCHAEPLASTIDA2;Rhodophyta;Bangiophyceae;Cyanidiales;Cyanidiales_X;Galdieria;Galdieria+partita;Galdieria;Galdieria+partita
AB091230_Galdieria_sulphuraria	Eukaryota;ARCHAEPLASTIDA2;Rhodophyta;Bangiophyceae;Cyanidiales;Cyanidiales_X;Galdieria;Galdieria+sulphuraria;Galdieria;Galdieria+sulphuraria
AF087125_Compsopogonopsis_leptoclados	Eukaryota;ARCHAEPLASTIDA2;Rhodophyta;Compsopogonophyceae;Compsopogonales;Compsopogonales_X;Compsopogonopsis;Compsopogonopsis+leptoclados;Compsopogonopsis;Compsopogonopsis+leptoclados
AF087126_Smithora_naiadum	Eukaryota;ARCHAEPLASTIDA2;Rhodophyta;Compsopogonophyceae;Erythropeltidales;Erythropeltidales_X;Smithora;Smithora+naiadum;Smithora;Smithora+naiadum
Z14139_Ahnfeltia_plicata	Eukaryota;ARCHAEPLASTIDA2;Rhodophyta;Florideophyceae;Ahnfeltiales;Ahnfeltiaceae;Ahnfeltia;Ahnfeltia+plicata;Ahnfeltia;Ahnfeltia+plicata
Z14142_Palmaria_palmata	Eukaryota;ARCHAEPLASTIDA2;Rhodophyta;Florideophyceae;Colaconematales;Colaconematales_X;Palmaria;Palmaria+palmata;Palmaria;Palmaria+palmata
L26184_Corallina_officinalis	Eukaryota;ARCHAEPLASTIDA2;Rhodophyta;Florideophyceae;Corallinales;Corallinales_X;Corallina;Corallina+officinalis;Corallina;Corallina+officinalis
Z14140_Chondrus_crispus	Eukaryota;ARCHAEPLASTIDA2;Rhodophyta;Florideophyceae;Gigartinales;Gigartinales_X;Chondrus;Chondrus+crispus;Chondrus;Chondrus+crispus
L26205_Gracilaria_gracilis	Eukaryota;ARCHAEPLASTIDA2;Rhodophyta;Florideophyceae;Gracilariales;Gracilariales_X;Gracilaria;Gracilaria+gracilis;Gracilaria;Gracilaria+gracilis
AF342749_Flintiella_sanguinaria	Eukaryota;ARCHAEPLASTIDA2;Rhodophyta;Porphyridiophyceae;Porphyridiales;Porphyridiales_X;Flintiella;Flintiella+sanguinaria;Flintiella;Flintiella+sanguinaria
AB045583_Glaucosphaera_vacuolata	Eukaryota;ARCHAEPLASTIDA2;Rhodophyta;Rhodellophyceae;Glaucosphaera-Clade;Glaucosphaera-Clade_X;Glaucosphaera;Glaucosphaera+vacuolata;Glaucosphaera;Glaucosphaera+vacuolata
AB045605_Corynoplastis_japonica	Eukaryota;ARCHAEPLASTIDA2;Rhodophyta;Rhodellophyceae;Rhodellales;Rhodellales_X;Corynoplastis;Corynoplastis+japonica;Corynoplastis;Corynoplastis+japonica
AF168624_Rhodella_violacea	Eukaryota;ARCHAEPLASTIDA2;Rhodophyta;Rhodellophyceae;Rhodellales;Rhodellales_X;Rhodella;Rhodella+violacea;Rhodella;Rhodella+violacea
AF168627_Bangiopsis_subsimplex	Eukaryota;ARCHAEPLASTIDA2;Rhodophyta;Stylonematophyceae;Porphyridiales-2;Stylonematales-Group-I;Bangiopsis;Bangiopsis+subsimplex;Bangiopsis;Bangiopsis+subsimplex
AY821943_clone_CeCV1B193_Centrohelida	Eukaryota;CENTROHELIDA;Centroheliozoa;Centroheliozoa_X;Centroheliozoa_XX;Centroheliozoa_XXX;Centroheliozoa_XXXX;Centroheliozoa_XXXX+sp.;Uncultured;Uncultured+centroheliozoan
AY821944_clone_CeCV1B246_Centrohelida	Eukaryota;CENTROHELIDA;Centroheliozoa;Centroheliozoa_X;Centroheliozoa_XX;Centroheliozoa_XXX;Centroheliozoa_XXXX;Centroheliozoa_XXXX+sp.;Uncultured;Uncultured+centroheliozoan
DQ103826_clone_M318F06_Centrohelida	Eukaryota;CENTROHELIDA;Centroheliozoa;Centroheliozoa_X;Centroheliozoa_XX;Centroheliozoa_XXX;Centroheliozoa_XXXX;Centroheliozoa_XXXX+sp.;Uncultured;Uncultured+marine
AY749614_Sphaerastrum_fockii	Eukaryota;CENTROHELIDA;Centroheliozoa;Centroheliozoa_X;Pterocystida;Heterophryidae;Sphaerastrum;Sphaerastrum+fockii;Sphaerastrum;Sphaerastrum+fockii
AY268042_Chlamydaster_sterni	Eukaryota;CENTROHELIDA;Centroheliozoa;Centroheliozoa_X;Pterocystida;Pterocystidae;Chlamydaster;Chlamydaster+sterni;Chlamydaster;Chlamydaster+sterni
AY749612_Pterocystis_tropica_Oxford	Eukaryota;CENTROHELIDA;Centroheliozoa;Centroheliozoa_X;Pterocystida;Pterocystidae;Pterocystis;Pterocystis+tropica;Pterocystis;Pterocystis+tropica
XXX_Collodictyon_Kamran	Eukaryota;DIPHYLLATEA;Diphyllatea_X;Collodictyonidae;Collodictyonidae_X;Collodictyonidae_XX;Collodictyon;Collodictyon+triciliatum;Collodictyon;Collodictyon+triciliatum
AF420478_Diphylleia_rotans	Eukaryota;DIPHYLLATEA;Diphyllatea_X;Diphyllatea_XX;Diphyllatea_XXX;Diphyllatea_XXXX;Diphylleia;Diphylleia+rotans;Diphylleia;Diphylleia+rotans
AB092925_Dynenympha_parva	Eukaryota;EXCAVATA1;Metamonada;Preaxostyla;Oxymonadida;Oxymonadida_X;Dinenympha;Dinenympha+parva;Dinenympha;Dinenympha+parva
AB505546_clone_RM2SGM38_Preaxostyla	Eukaryota;EXCAVATA1;Metamonada;Preaxostyla;Oxymonadida;Oxymonadida_X;Oxymonadida_XX;Oxymonadida_XX+sp.;Uncultured;Uncultured+eukaryote
AB092942_Pyrsonympha_grandis	Eukaryota;EXCAVATA1;Metamonada;Preaxostyla;Oxymonadida;Oxymonadida_X;Pyrsonympha;Pyrsonympha+grandis;Pyrsonympha;Pyrsonympha+grandis
AY188885_Streblomastix_strix	Eukaryota;EXCAVATA1;Metamonada;Preaxostyla;Oxymonadida;Oxymonadida_X;Streblomastix;Streblomastix+strix;Streblomastix;Streblomastix+strix
AB092930_Oxymonas_sp_NkU03	Eukaryota;EXCAVATA1;Metamonada;Preaxostyla;Oxymonadida;Saccinobaculidae;Oxymonas;Oxymonas+sp.;Oxymonas;Oxymonas+sp.
DQ525693_Saccinobaculus_ambloaxostylus	Eukaryota;EXCAVATA1;Metamonada;Preaxostyla;Oxymonadida;Saccinobaculidae;Saccinobaculus;Saccinobaculus+ambloaxostylus;Saccinobaculus;Saccinobaculus+ambloaxostylus
DQ525700_Saccinobaculus_doroaxostylus	Eukaryota;EXCAVATA1;Metamonada;Preaxostyla;Oxymonadida;Saccinobaculidae;Saccinobaculus;Saccinobaculus+doroaxostylus;Saccinobaculus;Saccinobaculus+doroaxostylus
DQ525691_Saccinobaculus_sp_E02	Eukaryota;EXCAVATA1;Metamonada;Preaxostyla;Oxymonadida;Saccinobaculidae;Saccinobaculus;Saccinobaculus+sp.;Saccinobaculus;Saccinobaculus+sp.
AY831435_Monocercomonoides_sp	Eukaryota;EXCAVATA1;Metamonada;Preaxostyla;Oxymonadida;Saccinobaculidae;;;;
AF244905_Trimastix_marina	Eukaryota;EXCAVATA1;Metamonada;Preaxostyla;Oxymonadida;Trimastigidae;Trimastix;Trimastix+marina;Trimastix;Trimastix+marina
AF244903_Trimastix_pyriformis_1	Eukaryota;EXCAVATA1;Metamonada;Preaxostyla;Oxymonadida;Trimastigidae;Trimastix;Trimastix+pyriformis;Trimastix;Trimastix+pyriformis
AF244904_Trimastix_pyriformis_2	Eukaryota;EXCAVATA1;Metamonada;Preaxostyla;Oxymonadida;Trimastigidae;Trimastix;Trimastix+pyriformis;Trimastix;Trimastix+pyriformis
AY425009_Diplonema_ambulator	Eukaryota;EXCAVATA2;Discoba;Euglenozoa;Diplonemea;Diplonemida;Diplonema;Diplonema+ambulator;Diplonema;Diplonema+ambulator
AF011465_Macropharyngomonas_halophila	Eukaryota;EXCAVATA2;Discoba;Heterolobosea;Heterolobosea_X;Heterolobosea_XX;Macropharyngomonas;Macropharyngomonas+halophila;Macropharyngomonas;Macropharyngomonas+halophila
DQ310279_clone_FV23CilE10_Jakobida	Eukaryota;EXCAVATA2;Discoba;Jakobida;Jakobida_X;Jakobida_XX;Jakobida_XXX;Jakobida_XXX+sp.;Uncultured;Uncultured+marine
EF526978_clone_SA11D05_Jakobida	Eukaryota;EXCAVATA2;Discoba;Jakobida;Jakobida_X;Jakobida_XX;Jakobida_XXX;Jakobida_XXX+sp.;Uncultured;Uncultured+marine
EU446381_clone_cLA12C05_Jakobida	Eukaryota;EXCAVATA2;Discoba;Jakobida;Jakobida_X;Jakobida_XX;Jakobida_XXX;Jakobida_XXX+sp.;Uncultured;Uncultured+marine
AY965870_Andalucia_godoyi_28	Eukaryota;EXCAVATA2;Discoba;Jakobida;Jakobida_X;Jakobidae;Andalucia;Andalucia+godoyi;Andalucia;Andalucia+godoyi
AY117419_Andalucia_incarcerata	Eukaryota;EXCAVATA2;Discoba;Jakobida;Jakobida_X;Jakobidae;Andalucia;Andalucia+incarcerata;Andalucia;Andalucia+incarcerata
AY117418_Jakoba_libera_ATCC50422	Eukaryota;EXCAVATA2;Discoba;Jakobida;Jakobida_X;Jakobidae;Jakoba;Jakoba+libera;Jakoba;Jakoba+libera
FJ157340_clone_kor2508048_Jakobida	Eukaryota;EXCAVATA2;Discoba;Jakobida;Jakobida_X;Jakobidae;Jakoba;Jakoba+libera;Uncultured;Uncultured+eukaryote
AY117417_Reclinomonas_americana_ATCC50283	Eukaryota;EXCAVATA2;Discoba;Jakobida;Jakobida_X;Jakobidae;Reclinomonas;Reclinomonas+americana;Reclinomonas;Reclinomonas+americana
DQ190541_Seculamonas_ecuadoriensis	Eukaryota;EXCAVATA2;Discoba;Jakobida;Jakobida_X;Jakobidae;Seculamonas;Seculamonas+ecuadoriensis;Seculamonas;Seculamonas+ecuadoriensis
AB576851_Tsukubamonas_globosa	Eukaryota;EXCAVATA2;Discoba;Tsukubamonadidae;Tsukubamonadidae_X;Tsukubamonadidae_XX;Tsukubamonas;Tsukubamonas+globosa;Tsukubamonas;Tsukubamonas+globosa
AF530543_clone_AT468_unknown	Eukaryota;EXCAVATA2;EXCAVATA2_X;EXCAVATA2_XX;EXCAVATA2_XXX;EXCAVATA2_XXXX;EXCAVATA2_XXXXX;EXCAVATA2_XXXXX+sp.;Uncultured;Uncultured+eukaryote
AF534711_microheliozoon_TCS2002	Eukaryota;EXCAVATA2;EXCAVATA2_X;EXCAVATA2_XX;Microhelida;Microhelida_X;Microhelida_XX;Microhelida_XX+sp.;marine;marine+microheliozoan
AY117420_Malawimonas_jakobiformis	Eukaryota;EXCAVATA2;Malawimonadidae;Malawimonadidae_X;Malawimonadidae_XX;Malawimonadidae_XXX;Malawimonas;Malawimonas+jakobiformis;Malawimonas;Malawimonas+jakobiformis
AY117416_Carpediemonas_membranifera	Eukaryota;EXCAVATA2;Metamonada2;Fornicata;Fornicata_X;Carpediomonas-like;Carpediemonas;Carpediemonas+membranifera;Carpediemonas;Carpediemonas+membranifera
GU827589_Carped_like_PCE	Eukaryota;EXCAVATA2;Metamonada2;Fornicata;Fornicata_X;Carpediomonas-like;Carpediemonas;Carpediemonas+sp.;Carpediemonas;Carpediemonas+sp.
AB263123_Dysnectes_brevis	Eukaryota;EXCAVATA2;Metamonada2;Fornicata;Fornicata_X;Carpediomonas-like;Dysnectes;Dysnectes+brevis;Dysnectes;Dysnectes+brevis
GU827592_Carpediemonas_like_CL	Eukaryota;EXCAVATA2;Metamonada2;Fornicata;Fornicata_X;Carpediomonas-like;Ergobibamus;Ergobibamus+cyprinoides;Ergobibamus;Ergobibamus+cyprinoides
FJ628363_Hicanonectes_teleskopos	Eukaryota;EXCAVATA2;Metamonada2;Fornicata;Fornicata_X;Carpediomonas-like;Hicanonectes;Hicanonectes+teleskopos;Hicanonectes;Hicanonectes+teleskopos
GU827604_Kipferlia_bialata_NY0173	Eukaryota;EXCAVATA2;Metamonada2;Fornicata;Fornicata_X;Carpediomonas-like;Kipferlia;Kipferlia+bialata;Kipferlia;Kipferlia+bialata
DQ366277_Octomitus_intestinalis	Eukaryota;EXCAVATA2;Metamonada2;Fornicata;Fornicata_X;Giardiinae;Octomitus;Octomitus+intestinalis;Octomitus;Octomitus+intestinalis
X68483_Cyanophora_paradoxa	Eukaryota;GLAUCOPHYTA;Glaucophyta;Glaucocystophyceae;Glaucocystophytes;Cyanophoraceae;Cyanophora;Cyanophora+paradoxa;Cyanophora;Cyanophora+paradoxa
AJ007275_Cyanoptyche_gloeocystis	Eukaryota;GLAUCOPHYTA;Glaucophyta;Glaucocystophyceae;Glaucocystophytes;Cyanoptycaceae;Cyanoptyche;Cyanoptyche+gloeocystis;Cyanoptyche;Cyanoptyche+gloeocystis
X70803_Glaucocystis_nostochinearum	Eukaryota;GLAUCOPHYTA;Glaucophyta;Glaucocystophyceae;Glaucocystophytes;Glaucocystaceae;Glaucocystis;Glaucocystis+nostochinearum;Glaucocystis;Glaucocystis+nostochinearum
X81901_Gloeochaete_wittrockiana	Eukaryota;GLAUCOPHYTA;Glaucophyta;Glaucocystophyceae;Gloeochaetales;Gloechaetaceae;Gloeochaete;Gloeochaete+wittrockiana;Gloeochaete;Gloeochaete+wittrockiana
AY642699_clone_P1_25_Cryptophyta	Eukaryota;HACROBIA1;Cryptophyta;Cryptophyceae;Cryptophyceae_X;Basal_Cryptophyceae-1;Basal_Cryptophyceae-1_X;Basal_Cryptophyceae-1_X+sp.;Uncultured;Uncultured+eukaryotic
FJ537320_clone_Biosope_T39_105_Cryptophyta	Eukaryota;HACROBIA1;Cryptophyta;Cryptophyceae;Cryptophyceae_X;Basal_Cryptophyceae-2;Basal_Cryptophyceae-2_X;Basal_Cryptophyceae-2_X+sp.;Uncultured;Uncultured+marine
L28811_Cryptomonas_paramecium	Eukaryota;HACROBIA1;Cryptophyta;Cryptophyceae;Cryptophyceae_X;Cryptomonadales;Cryptomonas;Cryptomonas+paramecium;Cryptomonas;Cryptomonas+paramecium
X57162_Guillardia_theta	Eukaryota;HACROBIA1;Cryptophyta;Cryptophyceae;Cryptophyceae_X;Cryptomonadales;Guillardia;Guillardia+theta;Guillardia;Guillardia+theta
U53128_Rhodomonas_abbreviata	Eukaryota;HACROBIA1;Cryptophyta;Cryptophyceae;Cryptophyceae_X;Cryptomonadales;Rhodomonas;Rhodomonas+abbreviata;Rhodomonas;Rhodomonas+abbreviata
AF508277_Goniomonas_pacifica	Eukaryota;HACROBIA1;Cryptophyta;Cryptophyceae;Cryptophyceae_X;Goniomonadales;Goniomonas;Goniomonas+pacifica;Goniomonas;Goniomonas+pacifica
AY360454_Goniomonas_sp_ATCC50108	Eukaryota;HACROBIA1;Cryptophyta;Cryptophyceae;Cryptophyceae_X;Goniomonadales;Goniomonas;Goniomonas+sp.;Goniomonas;Goniomonas+sp.
AY705739_Goniomonas_sp_SH8	Eukaryota;HACROBIA1;Cryptophyta;Cryptophyceae;Cryptophyceae_X;Goniomonadales;Goniomonas;Goniomonas+sp.;Goniomonas;Goniomonas+sp.
EF172963_clone_SSRPD79_Cryptophyta	Eukaryota;HACROBIA1;Cryptophyta;Cryptophyceae;Cryptophyceae_X;Goniomonadales;Goniomonas;Goniomonas+sp.;Uncultured;Uncultured+eukaryote
U03072_Goniomonas_truncata	Eukaryota;HACROBIA1;Cryptophyta;Cryptophyceae;Cryptophyceae_X;Goniomonadales;Goniomonas;Goniomonas+truncata;Goniomonas;Goniomonas+truncata
AB212285_Hatenia_arenicola	Eukaryota;HACROBIA1;Katablepharidophyta;Katablepharidaceae;Katablepharidales;Katablepharidales_X;Hatena;Hatena+arenicola;Hatena;Hatena+arenicola
AY642702_clone_P34_10_Katablepharida	Eukaryota;HACROBIA1;Katablepharidophyta;Katablepharidaceae;Katablepharidales;Katablepharidales_X;Katablepharidales_XX;Katablepharidales_XX+sp.;Uncultured;Uncultured+eukaryotic
AB231617_Katablepharis_japonica	Eukaryota;HACROBIA1;Katablepharidophyta;Katablepharidaceae;Katablepharidales;Katablepharidales_X;Katablepharis;Katablepharis+japonica;Katablepharis;Katablepharis+japonica
DQ980481_Leucocryptos_marina	Eukaryota;HACROBIA1;Katablepharidophyta;Katablepharidaceae;Katablepharidales;Katablepharidales_X;Leucocryptos;Leucocryptos+marina;Leucocryptos;Leucocryptos+marina
FJ969717_Roombia_truncata	Eukaryota;HACROBIA1;Katablepharidophyta;Katablepharidaceae;Katablepharidales;Katablepharidales_X;Roombia;Roombia+truncata;Roombia;Roombia+truncata
DQ222875_clone_OR000415159_picobiliphyte	Eukaryota;HACROBIA2;Picobiliphyta;Picobiliphyta_X;Picobiliphyta_XX;Picobiliphyta_XXX;Picobiliphyta_XXXX;Picobiliphyta_XXXX+sp._strain1;Uncultured;Uncultured+phototrophic
DQ222878_clone_RA00121938_picobiliphyte	Eukaryota;HACROBIA2;Picobiliphyta;Picobiliphyta_X;Picobiliphyta_XX;Picobiliphyta_XXX;Picobiliphyta_XXXX;Picobiliphyta_XXXX+sp._strain10;Uncultured;Uncultured+phototrophic
AJ564773_Telonema_antarcticum	Eukaryota;HACROBIA2;Telonemia;Telonemia_X;Telonemia_XX;Telonemia-Group-1;Telonema;Telonema+antarcticum;Telonema;Telonema+antarcticum
AJ564772_Telonema_subtilis	Eukaryota;HACROBIA2;Telonemia;Telonemia_X;Telonemia_XX;Telonemia-Group-1;Telonema;Telonema+subtile;Telonema;Telonema+subtile
DQ103867_clone_M318B12_Telonemia	Eukaryota;HACROBIA2;Telonemia;Telonemia_X;Telonemia_XX;Telonemia-Group-1;Telonemia-Group-1_X;Telonemia-Group-1_X+sp.;Uncultured;Uncultured+marine
AJ564770_clone_BL01062525_Telonemia	Eukaryota;HACROBIA2;Telonemia;Telonemia_X;Telonemia_XX;Telonemia-Group-2;Telonemia-Group-2_X;Telonemia-Group-2_X+sp._strain2;Uncultured;Uncultured+eukaryote
AF106056_Diacronema_vlkianum	Eukaryota;HACROBIA3;Haptophyta;Pavlovophyceae;Pavlovales;Pavlovaceae;Diacronema;Diacronema+vlkianum;Diacronema;Diacronema+vlkianum
AF106048_Exanthemachrysis_gayraliae_Pav8	Eukaryota;HACROBIA3;Haptophyta;Pavlovophyceae;Pavlovales;Pavlovaceae;Exanthemachrysis;Exanthemachrysis+gayraliae;Exanthemachrysis;Exanthemachrysis+gayraliae
L34669_Rebecca_salina	Eukaryota;HACROBIA3;Haptophyta;Pavlovophyceae;Pavlovales;Pavlovaceae;Rebecca;Rebecca+salina;Rebecca;Rebecca+salina
AJ246261_Coccolithus_pelagicus	Eukaryota;HACROBIA3;Haptophyta;Prymnesiophyceae;Coccolithales;Coccolithaceae;Coccolithus;Coccolithus+pelagicus;Coccolithus;Coccolithus+pelagicus
AB183618_Emiliania_sp_MBIC10582	Eukaryota;HACROBIA3;Haptophyta;Prymnesiophyceae;Isochrysidales;Noelaerhabdaceae;Emiliania;Emiliania+sp.;Emiliania;Emiliania+sp.
AF163147_Phaeocystis_cordata	Eukaryota;HACROBIA3;Haptophyta;Prymnesiophyceae;Phaeocystales;Phaeocystaceae;Phaeocystis;Phaeocystis+cordata;Phaeocystis;Phaeocystis+cordata
AJ246278_Chrysochromulina_acantha	Eukaryota;HACROBIA3;Haptophyta;Prymnesiophyceae;Prymnesiales;Chrysochromulinaceae;Chrysochromulina;Chrysochromulina+acantha;Chrysochromulina;Chrysochromulina+acantha
AJ246269_Prymnesium_parvum	Eukaryota;HACROBIA3;Haptophyta;Prymnesiophyceae;Prymnesiales;Prymnesiaceae;Prymnesium;Prymnesium+parvum;Prymnesium;Prymnesium+parvum
AY821959_clone_CV1_B1_97_Haptophyta	Eukaryota;HACROBIA3;Haptophyta;Prymnesiophyceae;Prymnesiophyceae_X;Prymnesiophyceae_XX;Prymnesiophyceae_XXX;Prymnesiophyceae_XXX+sp.;Uncultured;Uncultured+haptophyte
FJ537336_clone_Biosope_T58_080_Haptophyta	Eukaryota;HACROBIA3;Haptophyta;Prymnesiophyceae;Prymnesiophyceae_X;Prymnesiophyceae_XX;Prymnesiophyceae_XXX;Prymnesiophyceae_XXX+sp.;Uncultured;Uncultured+marine
AB191436_clone_TAGIRI28_Unknown	Eukaryota;HACROBIA4;Hacrobia4;Hacrobia4_X;Hacrobia4_XX;Hacrobia4_XXX;Hacrobia4_XXXX;Hacrobia4_XXXX+sp.;Uncultured;Uncultured+eukaryote
AY179990_clone_CCA32_unknown	Eukaryota;HACROBIA4;Hacrobia4;Hacrobia4_X;Hacrobia4_XX;Hacrobia4_XXX;Hacrobia4_XXXX;Hacrobia4_XXXX+sp.;Uncultured;Uncultured+eukaryote
AB508339_Palpitomonas_bilix	Eukaryota;HACROBIA4;Hacrobia4;Hacrobia4_X;Hacrobia4_XX;Hacrobia4_XXX;Palpitomonas;Palpitomonas+bilix;Palpitomonas;Palpitomonas+bilix
GQ330640_clone_PR44E041_Excavata	Eukaryota;HOLOMYCOTA;Fonticulea;Fonticulea_X;Fonticulea_XX;Fonticulea_XXX;Fonticulea_XXXX;Fonticulea_XXXX+sp.Uncultured;Uncultured+fonticulid;
FJ816018_Fonticula_alba_ATCC38817	Eukaryota;HOLOMYCOTA;Fonticulea;Fonticulea_X;Fonticulida;Fonticulidae;Fonticula;Fonticula+alba;Fonticula;Fonticula+alba
AB003808_Aspergillus_cervinus	Eukaryota;HOLOMYCOTA;Fungi;Ascomycota;Pezizomycotina;Eurotiomycetes;Aspergillus;Aspergillus+cervinus;Aspergillus;Aspergillus+cervinus
X04971_Neurospora_crassa	Eukaryota;HOLOMYCOTA;Fungi;Ascomycota;Pezizomycotina;Sordariomycetes;Neurospora;Neurospora+crassa;Neurospora;Neurospora+crassa
Z75578_Saccharomyces_cerevisiae	Eukaryota;HOLOMYCOTA;Fungi;Ascomycota;Saccharomycotina;Saccharomycetales;Saccharomyces;Saccharomyces+cerevisiae;Saccharomyces;Saccharomyces+cerevisiae
Z27393_Neolectomyces_vitellina	Eukaryota;HOLOMYCOTA;Fungi;Ascomycota;Taphrinomycotina;Neolectomycetes;Neolecta;Neolecta+vitellina;Neolecta;Neolecta+vitellina
L27658_Pneumocystis_carinii	Eukaryota;HOLOMYCOTA;Fungi;Ascomycota;Taphrinomycotina;Pneumocystidomycetes;Pneumocystis;Pneumocystis+wakefieldiae;Pneumocystis;Pneumocystis+wakefieldiae
X54866_Schizosaccharomyces_pombe	Eukaryota;HOLOMYCOTA;Fungi;Ascomycota;Taphrinomycotina;Schizosaccharomycetes;Schizosaccharomyces;Schizosaccharomyces+pombe;Schizosaccharomyces;Schizosaccharomyces+pombe
D12531_Taphrina_wiesneri	Eukaryota;HOLOMYCOTA;Fungi;Ascomycota;Taphrinomycotina;Taphrinomycetes;Taphrina;Taphrina+wiesneri;Taphrina;Taphrina+wiesneri
AY550243_Amanita_bisporigera	Eukaryota;HOLOMYCOTA;Fungi;Basidiomycota;Agaricomycotina;Agaricomycetes;Amanita;Amanita+bisporigera;Amanita;Amanita+bisporigera
L22258_Dacrymyces_stillatus	Eukaryota;HOLOMYCOTA;Fungi;Basidiomycota;Agaricomycotina;Dacrymycetes;Dacrymyces;Dacrymyces+stillatus;Dacrymyces;Dacrymyces+stillatus
AF356652_Filobasidiella_neoformans	Eukaryota;HOLOMYCOTA;Fungi;Basidiomycota;Agaricomycotina;Tremellomycetes;Cryptococcus;Cryptococcus+neoformans_var._neoformans;Cryptococcus;Cryptococcus+neoformans
AB011018_Uredinopsis_intermedia	Eukaryota;HOLOMYCOTA;Fungi;Basidiomycota;Pucciniomycotina;Pucciniomycetes;Uredinopsis;Uredinopsis+intermedia;Uredinopsis;Uredinopsis+intermedia
AJ271380_Exobasidium_rostrupii	Eukaryota;HOLOMYCOTA;Fungi;Basidiomycota;Ustilaginomycotina;Exobasidiomycetes;Exobasidium;Exobasidium+rostrupii;Exobasidium;Exobasidium+rostrupii
AB028189_Ustilago_shiraiana	Eukaryota;HOLOMYCOTA;Fungi;Basidiomycota;Ustilaginomycotina;Ustilaginomycetes;Ustilago;Ustilago+shiraiana;Ustilago;Ustilago+shiraiana
U23936_Allomyces_macrogynus	Eukaryota;HOLOMYCOTA;Fungi;Blastocladiomycota;Blastocladiomycotina;Blastocladiomycetes;Allomyces;Allomyces+macrogynus;Allomyces;Allomyces+macrogynus
Y17504_Hyaloraphidium_curvatum	Eukaryota;HOLOMYCOTA;Fungi;Blastocladiomycota;Blastocladiomycotina;Blastocladiomycetes;Hyaloraphidium;Hyaloraphidium+curvatum;Hyaloraphidium;Hyaloraphidium+curvatum
DQ536489_Physoderma_maculare_AFTOLID2004	Eukaryota;HOLOMYCOTA;Fungi;Blastocladiomycota;Blastocladiomycotina;Blastocladiomycetes;Physoderma;Physoderma+maculare;Physoderma;Physoderma+maculare
AB275064_clone_DSGM64	Eukaryota;HOLOMYCOTA;Fungi;Chytridiomycota;Chytridiomycotina;Chytridiomycetes;Chytridiomycetes_X;Chytridiomycetes_X+sp._strain23;Uncultured;Uncultured+eukaryote
DQ536487_Chytriomyces_hyalinus	Eukaryota;HOLOMYCOTA;Fungi;Chytridiomycota;Chytridiomycotina;Chytridiomycetes;Chytriomyces;Chytriomyces+hyalinus;Chytriomyces;Chytriomyces+hyalinus
AF164253_Lobulomyces_angularis_JEL45	Eukaryota;HOLOMYCOTA;Fungi;Chytridiomycota;Chytridiomycotina;Chytridiomycetes;Lobulomyces;Lobulomyces+angularis;Lobulomyces;Lobulomyces+angularis
EU050973_clone_SS1E0110	Eukaryota;HOLOMYCOTA;Fungi;Chytridiomycota;Chytridiomycotina;Chytridiomycotina_X;Chytridiomycotina_X;Chytridiomycotina_X+sp.;Uncultured;Uncultured+eukaryote
AY635839_Oedogoniomyces_sp_CR84	Eukaryota;HOLOMYCOTA;Fungi;Chytridiomycota;Chytridiomycotina;Monoblepharidomycetes;Oedogoniomyces;Oedogoniomyces+sp.;Oedogoniomyces;Oedogoniomyces+sp.
X80341_Neocallimastix_frontalis_L2	Eukaryota;HOLOMYCOTA;Fungi;Chytridiomycota;Chytridiomycotina;Neocallimastigomycetes;Neocallimastix;Neocallimastix+frontalis;Neocallimastix;Neocallimastix+frontalis
AJ130850_clone_LKM15	Eukaryota;HOLOMYCOTA;Fungi;Cryptomycota;Cryptomycotina;Cryptomycotina_X;Cryptomycotina_XX;Cryptomycotina_XX+sp.;Uncultured;Uncultured+eukaryote
AY082996_clone_RT5iin3	Eukaryota;HOLOMYCOTA;Fungi;Cryptomycota;Cryptomycotina;Cryptomycotina_X;Cryptomycotina_XX;Cryptomycotina_XX+sp.;Uncultured;Uncultured+eukaryote
GQ330641_clone_PR33E089_Excavata	Eukaryota;HOLOMYCOTA;Fungi;Cryptomycota;Cryptomycotina;Cryptomycotina_X;Cryptomycotina_XX;Cryptomycotina_XX+sp.;Uncultured;Uncultured+eukaryote
AM114814_clone_WIM27	Eukaryota;HOLOMYCOTA;Fungi;Cryptomycota;Cryptomycotina;Cryptomycotina_X;Cryptomycotina_XX;Cryptomycotina_XX+sp.;Uncultured;Uncultured+fungus
AY635838_Rozella_allomycis	Eukaryota;HOLOMYCOTA;Fungi;Cryptomycota;Cryptomycotina;Cryptomycotina_X;Rozella;Rozella+allomycis;Rozella;Rozella+allomycis
AF368505_Basidiobolus_microsporus	Eukaryota;HOLOMYCOTA;Fungi;Entomophthoromycota;Entomophthoromycotina;Entomophthorales;Basidiobolus;Basidiobolus+microsporus;Basidiobolus;Basidiobolus+microsporus
AY635820_Entomophthora_muscae	Eukaryota;HOLOMYCOTA;Fungi;Entomophthoromycota;Entomophthoromycotina;Entomophthorales;Entomophthora;Entomophthora+muscae;Entomophthora;Entomophthora+muscae
EF219013_clone_18BR2	Eukaryota;HOLOMYCOTA;Fungi;Fungi_X;Fungi_XX;Fungi_XXX;Fungi_XXXX;Fungi_XXXX+sp.;Uncultured;Uncultured+eukaryote
AM114806_clone_WIM48	Eukaryota;HOLOMYCOTA;Fungi;Fungi_X;Fungi_XX;Fungi_XXX;Fungi_XXXX;Fungi_XXXX+sp.;Uncultured;Uncultured+fungus
AB016009_Zophagus_insidians	Eukaryota;HOLOMYCOTA;Fungi;Fungi_X;Fungi_XX;Fungi_XXX;Zoophagus;Zoophagus+insidians;Zoophagus;Zoophagus+insidians
AJ276088_Glomus_versiforme	Eukaryota;HOLOMYCOTA;Fungi;Glomeromycota;Glomeromycotina;Glomeromycetes;Glomus;Glomus+versiforme;Glomus;Glomus+versiforme
AB047306_Archaeospora_leptoticha	Eukaryota;HOLOMYCOTA;Fungi;Glomeromycota;Glomeromycotina;Glomeromycotina_X;Ambispora;Ambispora+leptoticha;Ambispora;Ambispora+leptoticha
AF277013_Furculomyces_boomerangus	Eukaryota;HOLOMYCOTA;Fungi;Kickxellomycota;Kickxellomycotina;Harpellales;Furculomyces;Furculomyces+boomerangus;Furculomyces;Furculomyces+boomerangus
AF113425_Mortierella_wolfii	Eukaryota;HOLOMYCOTA;Fungi;Mucoromycota;Mucoromycotina;Mucoromycotina_X;Mortierella;Mortierella+wolfii;Mortierella;Mortierella+wolfii
X54863_Mucor_racemosus	Eukaryota;HOLOMYCOTA;Fungi;Mucoromycota;Mucoromycotina;Mucoromycotina_X;Mucor;Mucor+racemosus;Mucor;Mucor+racemosus
AF349566_Nuclearia_simplex_CCAP15524	Eukaryota;HOLOMYCOTA;Nucleariidea;Nucleariidea_X;Nucleariida;Nucleariidae_Nuclearia_1;Nuclearia;Nuclearia+simplex;Nuclearia;Nuclearia+simplex
AY364635_Nuclearia_pattersoni	Eukaryota;HOLOMYCOTA;Nucleariidea;Nucleariidea_X;Nucleariida;Nucleariidae_Nuclearia_2;Nuclearia;Nuclearia+pattersoni;Nuclearia;Nuclearia+pattersoni
AY082985_clone_RT5iin14	Eukaryota;HOLOMYCOTA;Nucleariidea;Nucleariidea_X;Nucleariidea_XX;Nucleariidea_XXX;Nucleariidea_XXXX;Nucleariidea_XXXX+sp.Uncultured;Uncultured+nucleariid;
L10823_Acanthocoepsis_unguiculata	Eukaryota;HOLOZOA;Choanoflagellida;Choanoflagellatea;Acanthoecida;Acanthoecidae_Group_G;Helgoeca;Helgoeca+nana;Helgoeca;Helgoeca+nana
AY149897_Codonosiga_gracilis	Eukaryota;HOLOZOA;Choanoflagellida;Choanoflagellatea;Craspedida;Monosigidae_Group_A;Choanoeca;Choanoeca+perplexa;Choanoeca;Choanoeca+perplexa
AF271999_Monosiga_ovata	Eukaryota;HOLOZOA;Choanoflagellida;Choanoflagellatea;Craspedida;Salpingoecidae_Group_C1;Monosiga;Monosiga+ovata;Monosiga;Monosiga+ovata
L42528_Corallochytrium_limacisporum	Eukaryota;HOLOZOA;Corallochytrea;Corallochytrea_X;Corallochytrida;Corallochytridae;Corallochytrium;Corallochytrium+limacisporum;Corallochytrium;Corallochytrium+limacisporum
AF349564_Capsaspora_owczarzaki	Eukaryota;HOLOZOA;Filasterea;Filasterea_X;Capsasporida;Capsasporidae;Capsaspora;Capsaspora+owczarzaki;Capsaspora;Capsaspora+owczarzaki
AF271997_Ministeria_vibrans	Eukaryota;HOLOZOA;Filasterea;Filasterea_X;Ministerida;Ministeridae;Ministeria;Ministeria+vibrans;Ministeria;Ministeria+vibrans
AF232303_Ichthyophonus_irregularis	Eukaryota;HOLOZOA;Mesomycetozoa;Ichthyosporea;Ichthyosphonida;Ichthyophonidae_Ichthyosponidales;Ichthyophonus;Ichthyophonus+irregularis;Ichthyophonus;Ichthyophonus+irregularis
AF192386_Pseudoperkinsus_tapetis	Eukaryota;HOLOZOA;Mesomycetozoa;Ichthyosporea;Ichthyosphonida;Pseudoperkinsidae;Pseudoperkinsus;Pseudoperkinsus+tapetis;Pseudoperkinsus;Pseudoperkinsus+tapetis
AF118851_Rhinosporidium_seeberi	Eukaryota;HOLOZOA;Mesomycetozoa;Ichthyosporea;Rhynosporida;Rhynosporidae_Rhinosporidianae;Rhinosporidium;Rhinosporidium+seeberi;Rhinosporidium;Rhinosporidium+seeberi
L29455_Sphaeroforma_destruens	Eukaryota;HOLOZOA;Mesomycetozoa;Ichthyosporea;Rhynosporida;Rhynosporidae_Sphaerothecideanae;Sphaerothecum;Sphaerothecum+destruens;Sphaerothecum;Sphaerothecum+destruens
X79873_Lanice_conchilega	Eukaryota;HOLOZOA;Metazoa;Annelida;Annelida_X;Annelida_XX;Lanice;Lanice+conchilega;Lanice;Lanice+conchilega
U91490_Limulus_polyphemus	Eukaryota;HOLOZOA;Metazoa;Arthropoda;Chelicerata;Merostomata;Limulus;Limulus+polyphemus;Limulus;Limulus+polyphemus
X89481_Aeschna_cyanea	Eukaryota;HOLOZOA;Metazoa;Arthropoda;Hexapoda;Insecta;Aeshna;Aeshna+cyanea;Aeshna;Aeshna+cyanea
M97573_Lampetra_aepyptera	Eukaryota;HOLOZOA;Metazoa;Chordata;Craniata;Cyclostomata;Lampetra;Lampetra+aepyptera;Lampetra;Lampetra+aepyptera
X53498_Anemonia_sulcata	Eukaryota;HOLOZOA;Metazoa;Cnidaria;Cnidaria_X;Anthozoa;Anemonia;Anemonia+sulcata;Anemonia;Anemonia+sulcata
AF052909_Tubipora_musica	Eukaryota;HOLOZOA;Metazoa;Cnidaria;Cnidaria_X;Anthozoa;Tubipora;Tubipora+musica;Tubipora;Tubipora+musica
AF358108_Carybdea_rastonii	Eukaryota;HOLOZOA;Metazoa;Cnidaria;Cnidaria_X;Cubozoa;Carybdea;Carybdea+rastonii;Carybdea;Carybdea+rastonii
AF358094_Eudendrium_racemosum	Eukaryota;HOLOZOA;Metazoa;Cnidaria;Cnidaria_X;Hydrozoa;Eudendrium;Eudendrium+racemosum;Eudendrium;Eudendrium+racemosum
AY428815_Aurelia_aurita	Eukaryota;HOLOZOA;Metazoa;Cnidaria;Cnidaria_X;Scyphozoa;Aurelia;Aurelia+aurita;Aurelia;Aurelia+aurita
AJ311672_Crocodylus_niloticus	Eukaryota;HOLOZOA;Metazoa;Craniata;Craniata_X;Lepidosauria;Crocodylus;Crocodylus+niloticus;Crocodylus;Crocodylus+niloticus
AF293694_Beroe_ovata	Eukaryota;HOLOZOA;Metazoa;Ctenophora;Ctenophora_X;Ctenophora_XX;Beroe;Beroe+ovata;Beroe;Beroe+ovata
AF294679_Mertensia_ovum	Eukaryota;HOLOZOA;Metazoa;Ctenophora;Ctenophora_X;Ctenophora_XX;Mertensia;Mertensia+ovum;Mertensia;Mertensia+ovum
X97156_Amphipholis_squamata	Eukaryota;HOLOZOA;Metazoa;Echinodermata;Echinodermata_X;Echinodermata_XX;Amphipholis;Amphipholis+squamata;Amphipholis;Amphipholis+squamata
AJ001735_Chaetonotus_sp	Eukaryota;HOLOZOA;Metazoa;Gastrotricha;Gastrotricha_X;Gastrotricha_XX;Chaetonotus;Chaetonotus+sp.;Chaetonotus;Chaetonotus+sp.
AF236801_Saccoglossus_bromophenolosus	Eukaryota;HOLOZOA;Metazoa;Hemichordata;Hemichordata_X;Hemichordata_XX;Saccoglossus;Saccoglossus+bromophenolosus;Saccoglossus;Saccoglossus+bromophenolosus
AF047888_Paracanthonchus_caecus	Eukaryota;HOLOZOA;Metazoa;Nematoda;Chromadorea;Chromadorea_X;Paracanthonchus;Paracanthonchus+caecus;Paracanthonchus;Paracanthonchus+caecus
X87985_Gordius_aquaticus	Eukaryota;HOLOZOA;Metazoa;Nematomorpha;Nematomorpha_X;Nematomorpha_XX;Gordius;Gordius+aquaticus;Gordius;Gordius+aquaticus
L10828_Trichoplax_adhaerens	Eukaryota;HOLOZOA;Metazoa;Placozoa;Placozoa_X;Placozoa_XX;Trichoplax;Trichoplax+adhaerens;Trichoplax;Trichoplax+adhaerens
X53986_Schistosoma_mansoni	Eukaryota;HOLOZOA;Metazoa;Platyhelminthes;Trematoda;Digenea;Schistosoma;Schistosoma+mansoni;Schistosoma;Schistosoma+mansoni
AJ228786_Notoplana_australis	Eukaryota;HOLOZOA;Metazoa;Platyhelminthes;Turbellaria;Polycladida;Notoplana;Notoplana+australis;Notoplana;Notoplana+australis
AF452017_Soleniscus_radovani	Eukaryota;HOLOZOA;Metazoa;Porifera;Porifera_X;Calcarea;Soleneiscus;Soleneiscus+radovani;Soleneiscus;Soleneiscus+radovani
L10827_Scypha_ciliata	Eukaryota;HOLOZOA;Metazoa;Porifera;Porifera_X;Calcarea;Sycon;Sycon+ciliatum;Sycon;Sycon+ciliatum
U43190_Axinella_polypoides	Eukaryota;HOLOZOA;Metazoa;Porifera;Porifera_X;Demospongiae;Axinella;Axinella+polypoides;Axinella;Axinella+polypoides
AJ627186_Cinachyrella_apion	Eukaryota;HOLOZOA;Metazoa;Porifera;Porifera_X;Demospongiae;Cinachyrella;Cinachyrella+apion;Cinachyrella;Cinachyrella+apion
AF121110_Ephydatia_muelleri	Eukaryota;HOLOZOA;Metazoa;Porifera;Porifera_X;Demospongiae;Ephydatia;Ephydatia+muelleri;Ephydatia;Ephydatia+muelleri
AF100947_Suberites_ficus	Eukaryota;HOLOZOA;Metazoa;Porifera;Porifera_X;Demospongiae;Suberites;Suberites+ficus;Suberites;Suberites+ficus
AF100949_Rhabdocalyptus_dawsoni	Eukaryota;HOLOZOA;Metazoa;Porifera;Porifera_X;Hexactinellida;Acanthascus;Acanthascus+dawsoni;Acanthascus;Acanthascus+dawsoni
U49911_Brachionus_plicatilis	Eukaryota;HOLOZOA;Metazoa;Rotifera;Rotifera_X;Rotifera_XX;Brachionus;Brachionus+plicatilis;Brachionus;Brachionus+plicatilis
AB013017_Ciona_intestinalis	Eukaryota;HOLOZOA;Metazoa;Urochordata;Urochordata_X;Ascidiacea;Ciona;Ciona+intestinalis;Ciona;Ciona+intestinalis
AY291292_Xenoturbella_bocki	Eukaryota;HOLOZOA;Metazoa;Xenoturbellida;Xenoturbellida_X;Xenoturbellida_XX;Xenoturbella;Xenoturbella+bocki;Xenoturbella;Xenoturbella+bocki
AB252741_clone_NAMAKO1_Namako1	Eukaryota;NAMAKO1;NAMAKO-1-lineage_X;NAMAKO-1-lineage_XX;NAMAKO-1-lineage_XXX;NAMAKO-1-lineage_XXXX;NAMAKO-1-lineage_XXXXX;NAMAKO-1-lineage_XXXXX+sp.;Uncultured;Uncultured+eukaryote
AB505486_clone_RM1SGM29_Namako1	Eukaryota;NAMAKO1;NAMAKO-1-lineage_X;NAMAKO-1-lineage_XX;NAMAKO-1-lineage_XXX;NAMAKO-1-lineage_XXXX;NAMAKO-1-lineage_XXXXX;NAMAKO-1-lineage_XXXXX+sp.;Uncultured;Uncultured+eukaryote
AB505547_clone_RM2SGM39_Namako1	Eukaryota;NAMAKO1;NAMAKO-1-lineage_X;NAMAKO-1-lineage_XX;NAMAKO-1-lineage_XXX;NAMAKO-1-lineage_XXXX;NAMAKO-1-lineage_XXXXX;NAMAKO-1-lineage_XXXXX+sp.;Uncultured;Uncultured+eukaryote
AB252742_clone_NAMAKO2_Namako2	Eukaryota;NAMAKO2;NAMAKO2;NAMAKO2_X;NAMAKO2_XX;NAMAKO2_XXX;NAMAKO2_XXXX;NAMAKO2_XXXX+sp.;Uncultured;Uncultured+eukaryote
AB275075_clone_DSGM75_Namako2	Eukaryota;NAMAKO2;NAMAKO2;NAMAKO2_X;NAMAKO2_XX;NAMAKO2_XXX;NAMAKO2_XXXX;NAMAKO2_XXXX+sp.;Uncultured;Uncultured+eukaryote
AB505490_clone_RM1SGM33_Namako2	Eukaryota;NAMAKO2;NAMAKO2;NAMAKO2_X;NAMAKO2_XX;NAMAKO2_XXX;NAMAKO2_XXXX;NAMAKO2_XXXX+sp.;Uncultured;Uncultured+eukaryote
AB505492_clone_RM1SGM35_Namako2	Eukaryota;NAMAKO2;NAMAKO2;NAMAKO2_X;NAMAKO2_XX;NAMAKO2_XXX;NAMAKO2_XXXX;NAMAKO2_XXXX+sp.;Uncultured;Uncultured+eukaryote
AB505493_clone_RM1SGM36_Namako2	Eukaryota;NAMAKO2;NAMAKO2;NAMAKO2_X;NAMAKO2_XX;NAMAKO2_XXX;NAMAKO2_XXXX;NAMAKO2_XXXX+sp.;Uncultured;Uncultured+eukaryote
AB505494_clone_RM1SGM37_Namako2	Eukaryota;NAMAKO2;NAMAKO2;NAMAKO2_X;NAMAKO2_XX;NAMAKO2_XXX;NAMAKO2_XXXX;NAMAKO2_XXXX+sp.;Uncultured;Uncultured+eukaryote
AB505553_clone_RM2SGM45_Namako2	Eukaryota;NAMAKO2;NAMAKO2;NAMAKO2_X;NAMAKO2_XX;NAMAKO2_XXX;NAMAKO2_XXXX;NAMAKO2_XXXX+sp.;Uncultured;Uncultured+eukaryote
AF153206_Breviata_anathema	Eukaryota;PLANOMONADS_BREVIATES;Breviatea;Breviatea;Breviatea_X;Breviata-lineage;Breviata;Breviata+anathema;Breviata;Breviata+anathema
AB505579_clone_RM2SGM71_Breviatea	Eukaryota;PLANOMONADS_BREVIATES;Breviatea;Breviatea;Breviatea_X;Breviatea_XX;Breviatea_XXX;Breviatea_XXX+sp.;Uncultured;Uncultured+eukaryote
AY180022_clone_CCW35_Breviatea	Eukaryota;PLANOMONADS_BREVIATES;Breviatea;Breviatea;Breviatea_X;Breviatea_XX;Breviatea_XXX;Breviatea_XXX+sp.;Uncultured;Uncultured+fungus
HQ342676_Subulatomonas_tetraspora_ATCC50623	Eukaryota;PLANOMONADS_BREVIATES;Breviatea;Breviatea;Breviatea_X;Subulatomonas-lineage;Subulatomonas;Subulatomonas+tetraspora;Eukaryota;Eukaryota+sp.
AF372745_clone_BOLA187_Breviatea	Eukaryota;PLANOMONADS_BREVIATES;Breviatea;Breviatea;Breviatea_X;Subulatomonas-lineage;Subulatomonas-lineage_X;Subulatomonas-lineage_X+sp.;Uncultured;Uncultured+eukaryote
AB505485_clone_RM1SGM28_Breviatea	Eukaryota;PLANOMONADS_BREVIATES;Breviatea;Breviatea;Breviatea_X;;;;;
AF053088_Planomonas_micra_ATCC50267	Eukaryota;PLANOMONADS_BREVIATES;Hilomonadea;Planomonadida;Planomonadidae;Planomonadidae_Group-1;Ancyromonas;Ancyromonas+micra;Ancyromonas;Ancyromonas+micra
EU349231_Planomonas_mylnikovi_B70	Eukaryota;PLANOMONADS_BREVIATES;Hilomonadea;Planomonadida;Planomonadidae;Planomonadidae_Group-1;Ancyromonas;Ancyromonas+sigmoides;Ancyromonas;Ancyromonas+sigmoides
XXX_Planomonas_sp_Mexico1b	Eukaryota;PLANOMONADS_BREVIATES;Hilomonadea;Planomonadida;Planomonadidae;Planomonadidae_Group-1;Planomonas;Planomonas+sp.;Uncultured;Planomonas+sp.
GU001154_Mantamonas_plastica_CCAP19461	Eukaryota;PLANOMONADS_BREVIATES;Mantamonadidea;Mantamonadida;Mantamonadida_X;Mantamonadida_XX;Mantamonas;Mantamonas+plastica;Mantamonas;Mantamonas+plastica
GU001156_Mantamonas_sp_AF21	Eukaryota;PLANOMONADS_BREVIATES;Mantamonadidea;Mantamonadida;Mantamonadida_X;Mantamonadida_XX;Mantomonas;Mantomonas+sp.;Mantomonas;Mantomonas+sp.
FN598385_clone_BS19_B6_Endo5	Eukaryota;RHIZARIA;Cercozoa;Endomyxa;Clade-Endo-5;Clade-Endo-5_X;Clade-Endo-5_XX;Clade-Endo-5_XX+sp.;Uncultured;Clade-Endo-5_XX+sp.
EU567270_clone_vm17_Endo1	Eukaryota;RHIZARIA;Cercozoa;Endomyxa;Endomyxa_X;Endo1-lineage;Endo1-lineage_X;Endo1-lineage_X+sp.;Uncultured;Uncultured+cercozoan
EU567282_clone_DB230506_Endo4	Eukaryota;RHIZARIA;Cercozoa;Endomyxa;Endomyxa_X;Endo4-lineage;Endo4-lineage_X;Endo4-lineage_X+sp.;Uncultured;Uncultured+cercozoan
EU446329_clone_UI12B05_Endo4	Eukaryota;RHIZARIA;Cercozoa;Endomyxa;Endomyxa_X;Endo4-lineage;Endo4-lineage_X;Endo4-lineage_X+sp.;Uncultured;Uncultured+marine
EU567281_clone_sm5_Endo5	Eukaryota;RHIZARIA;Cercozoa;Endomyxa;Endomyxa_X;Endo5-lineage;Endo5-lineage_X;Endo5-lineage_X+sp.;Uncultured;Uncultured+cercozoan
AY180003_clone_CCA44_EndoX	Eukaryota;RHIZARIA;Cercozoa;Endomyxa;Endomyxa_X;Endomyxa_XX;Endomyxa_XXX;Endomyxa_XXX+sp.Uncultured;Uncultured+endomyxan;
AY180023_clone_CCW46_EndoX	Eukaryota;RHIZARIA;Cercozoa;Endomyxa;Endomyxa_X;Endomyxa_XX;Endomyxa_XXX;Endomyxa_XXX+sp.Uncultured;Uncultured+endomyxan;
AY620362_clone_0745_NC9	Eukaryota;RHIZARIA;Cercozoa;Endomyxa;Novel-Clade-9;Novel-Clade-9_X;Novel-Clade-9_XX;Novel-Clade-9_XX+sp.;Uncultured;Uncultured+cercozoan
EU567272_clone_nh6_NC9	Eukaryota;RHIZARIA;Cercozoa;Endomyxa;Novel-Clade-9;Novel-Clade-9_X;Novel-Clade-9_XX;Novel-Clade-9_XX+sp.;Uncultured;Uncultured+cercozoan
EU567271_clone_jj9_NC9	Eukaryota;RHIZARIA;Cercozoa;Endomyxa;Novel-Clade-9;Novel-Clade-9_X;Novel-Clade-9_XX;Novel-Clade-9_XX+sp._strain2;Uncultured;Uncultured+cercozoan
EU567293_Filoreta_japonica	Eukaryota;RHIZARIA;Cercozoa;Endomyxa;Reticulosida;Filoretidae;Filoreta;Filoreta+japonica;Filoreta;Filoreta+japonica
AY268044_Filoreta_marina	Eukaryota;RHIZARIA;Cercozoa;Endomyxa;Reticulosida;Filoretidae;Filoreta;Filoreta+marina;Reticulamoeba;Reticulamoeba+sp.
EU567278_clone_DB1412C11_Filor	Eukaryota;RHIZARIA;Cercozoa;Endomyxa;Reticulosida;Filoretidae;Filoreta;Filoreta+sp.;Uncultured;Uncultured+cercozoan
EF514503_Filoreta_tenera	Eukaryota;RHIZARIA;Cercozoa;Endomyxa;Reticulosida;Filoretidae;Filoreta;Filoreta+tenera;Filoreta;Filoreta+tenera
EU567292_Filoreta_turcica	Eukaryota;RHIZARIA;Cercozoa;Endomyxa;Reticulosida;Filoretidae;Filoreta;Filoreta+turcica;Filoreta;Filoreta+turcica
AY620291_clone_10_3_2_Vampy	Eukaryota;RHIZARIA;Cercozoa;Endomyxa;Vampyrellida;Clade-A;Clade-A_X;Clade-A_X+sp.;Uncultured;Uncultured+vampyrellid
EF024716_clone_Elev_18S_1206_Vampy	Eukaryota;RHIZARIA;Cercozoa;Endomyxa;Vampyrellida;Clade-A;Clade-A_X;Clade-A_X+sp.;Uncultured;Uncultured+vampyrellid
EU567265_clone_ihs12_Vampy	Eukaryota;RHIZARIA;Cercozoa;Endomyxa;Vampyrellida;Clade-A;Clade-A_X;Clade-A_X+sp.;Uncultured;Uncultured+vampyrellid
EU567266_clone_lb10_Vampy	Eukaryota;RHIZARIA;Cercozoa;Endomyxa;Vampyrellida;Clade-A;Clade-A_X;Clade-A_X+sp.;Uncultured;Uncultured+vampyrellid
EU567294_Arachnula_A155_Baikal_Fw	Eukaryota;RHIZARIA;Cercozoa;Endomyxa;Vampyrellida;Clade-A;Leptophryidae;Arachnula;Arachnula+impatiens;Arachnula+impatiens
AY642743_clone_A51_Vampy	Eukaryota;RHIZARIA;Cercozoa;Endomyxa;Vampyrellida;Clade-A;Leptophryidae;Leptophryidae+sp.;Uncultured;Uncultured+vampyrellid
AY620292_clone_4_1_6_Vampy	Eukaryota;RHIZARIA;Cercozoa;Endomyxa;Vampyrellida;Clade-A;Leptophryidae;Leptophrys;Leptophrys+sp.;Uncultured+vampyrellid
EU567262_clone_DB270305_Vampy	Eukaryota;RHIZARIA;Cercozoa;Endomyxa;Vampyrellida;Clade-A;Vampyrellidae;Vampyrellidae+sp.;Uncultured;Uncultured+vampyrellid
CAraX_NRRA_isolate_California_Ma	Eukaryota;RHIZARIA;Cercozoa;Endomyxa;Vampyrellida;Clade-B;CAraX-lineage;CAraX-lineage+sp.;CAraX-lineage_X;CAraX-lineage+sp.
AY179971_clone_CCI78_Vampy	Eukaryota;RHIZARIA;Cercozoa;Endomyxa;Vampyrellida;Clade-B;CCI78-lineage;CCI78-lineage+sp.;Uncultured;Uncultured+vampyrellid
FJ157330_clone_kor11090415_Vampy	Eukaryota;RHIZARIA;Cercozoa;Endomyxa;Vampyrellida;Clade-B;kor110904-lineage;kor110904-lineage+sp.;Uncultured;Uncultured+vampyrellid
EU567268_clone_op14_Vampy	Eukaryota;RHIZARIA;Cercozoa;Endomyxa;Vampyrellida;Clade-B;op14-lineage;op14-lineage+sp.;Uncultured;Uncultured+vampyrellid
NVam1_NRRA_isolate_North_Carolina_Br	Eukaryota;RHIZARIA;Cercozoa;Endomyxa;Vampyrellida;Clade-B;Penardia-lineage;Penardia+sp.;Penardia;Penardia+sp.
AY605200_clone_Sey055_Vampy	Eukaryota;RHIZARIA;Cercozoa;Endomyxa;Vampyrellida;Clade-B;Sey055-lineage;Sey055-lineage+sp.;Uncultured;Uncultured+vampyrellid
EU567267_clone_sm27_Vampy	Eukaryota;RHIZARIA;Cercozoa;Endomyxa;Vampyrellida;Clade-B;sm27-lineage;sm27-lineage+sp.;Uncultured;Uncultured+vampyrellid
AB622340_clone_K9MAY2010_Vampy	Eukaryota;RHIZARIA;Cercozoa;Endomyxa;Vampyrellida;Clade-B;T11_lineage;T11_lineage+sp.;Uncultured;Uncultured+vampyrellid
EU567269_clone_T11_Vampy	Eukaryota;RHIZARIA;Cercozoa;Endomyxa;Vampyrellida;Clade-B;T11_lineage;T11_lineage+sp.;Uncultured;Uncultured+vampyrellid
CHI_EF024704_clone_Elev_18S_1191_Vampy	Eukaryota;RHIZARIA;Cercozoa;Endomyxa;Vampyrellida;Clade-B;Thalassomyxa-lineage;Thalassomyxa-lineage+sp.;Uncultured;Uncultured+vampyrellid
En42C_NRRA_isolate_Cumbria_BrMa	Eukaryota;RHIZARIA;Cercozoa;Endomyxa;Vampyrellida;Clade-B;Thalassomyxa-lineage;Thalassomyxa-lineage+sp.;Uncultured;Uncultured+vampyrellid
EU910603_clone_D40_Vampy	Eukaryota;RHIZARIA;Cercozoa;Endomyxa;Vampyrellida;Clade-B;Thalassomyxa-lineage;Thalassomyxa-lineage+sp.;Uncultured;Uncultured+vampyrellid
EU910611_clone_D47_Vampy	Eukaryota;RHIZARIA;Cercozoa;Endomyxa;Vampyrellida;Clade-B;Thalassomyxa-lineage;Thalassomyxa-lineage+sp.;Uncultured;Uncultured+vampyrellid
KibAr_NRRA_isolate_Cumbria_BrMa	Eukaryota;RHIZARIA;Cercozoa;Endomyxa;Vampyrellida;Clade-B;Thalassomyxa-lineage;Thalassomyxa-lineage+sp.;Uncultured;Uncultured+vampyrellid
AF372743_clone_LEMD004_Vampy	Eukaryota;RHIZARIA;Cercozoa;Endomyxa;Vampyrellida;Clade-C;Penardia-lineage;Penardia-lineage+sp.;Uncultured;Uncultured+vampyrellid
GU479951_clone_PR4_3E_90_Vampy	Eukaryota;RHIZARIA;Cercozoa;Endomyxa;Vampyrellida;Clade-C;Penardia-lineage;Penardia-lineage+sp.;Uncultured;Uncultured+vampyrellid
AF492442_Hiris_Xparasite	Eukaryota;RHIZARIA;Cercozoa;Endomyxa-Ascetosporea;Endomyxa-Ascetosporea_X;Endomyxa-Ascetosporea_XX;Endomyxa-Ascetosporea_XXX;Endomyxa-Ascetosporea_XXX+sp.;#haplosporidian#;#haplosporidian+parasite#
DQ504354_clone_LC1043EP36_Asceto	Eukaryota;RHIZARIA;Cercozoa;Endomyxa-Ascetosporea;Endomyxa-Ascetosporea_X;Endomyxa-Ascetosporea_XX;Endomyxa-Ascetosporea_XXX;Endomyxa-Ascetosporea_XXX+sp.;Uncultured;Uncultured+cercozoan
EU567276_clone_DB1412C3_Asceto	Eukaryota;RHIZARIA;Cercozoa;Endomyxa-Ascetosporea;Endomyxa-Ascetosporea_X;Endomyxa-Ascetosporea_XX;Endomyxa-Ascetosporea_XXX;Endomyxa-Ascetosporea_XXX+sp.;Uncultured;Uncultured+cercozoan
EU567277_clone_DB230552_Asceto	Eukaryota;RHIZARIA;Cercozoa;Endomyxa-Ascetosporea;Endomyxa-Ascetosporea_X;Endomyxa-Ascetosporea_XX;Endomyxa-Ascetosporea_XXX;Endomyxa-Ascetosporea_XXX+sp.;Uncultured;Uncultured+cercozoan
AY435093_Clam_Xparasite	Eukaryota;RHIZARIA;Cercozoa;Endomyxa-Ascetosporea;Haplosporida;Haplosporida_X;Haplosporida_XX;Haplosporida_XX+sp.;Haplosporida;Haplosporida+sp.
JF495410_Bonamia_exitiosa	Eukaryota;RHIZARIA;Cercozoa;Endomyxa-Ascetosporea;Haplosporida;Haplosporidiidae;Bonamia;Bonamia+exitiosa;Bonamia;Bonamia+exitiosa
AF262995_Bonamia_ostreae	Eukaryota;RHIZARIA;Cercozoa;Endomyxa-Ascetosporea;Haplosporida;Haplosporidiidae;Bonamia;Bonamia+ostreae;Bonamia;Bonamia+ostreae
DQ444238_Snipp_Xparasite	Eukaryota;RHIZARIA;Cercozoa;Endomyxa-Ascetosporea;Haplosporida;Haplosporidiidae;Haplosporidiidae_X;Haplosporidiidae_X+sp.;Haplosporidia;Haplosporidia+sp.
DQ653412_Pvann_Xparasite	Eukaryota;RHIZARIA;Cercozoa;Endomyxa-Ascetosporea;Haplosporida;Haplosporidiidae;Haplosporidiidae_X;Haplosporidiidae_X+sp.;Haplosporidia;Haplosporidia+sp.
AF387122_Haplosporidium_costale	Eukaryota;RHIZARIA;Cercozoa;Endomyxa-Ascetosporea;Haplosporida;Haplosporidiidae;Haplosporidium;Haplosporidium+costale;Haplosporidium;Haplosporidium+costale
DQ458793_Haplosporidium_edule	Eukaryota;RHIZARIA;Cercozoa;Endomyxa-Ascetosporea;Haplosporida;Haplosporidiidae;Haplosporidium;Haplosporidium+edule;Haplosporidium;Haplosporidium+edule
AY449713_Haplosporidium_lusitanicum	Eukaryota;RHIZARIA;Cercozoa;Endomyxa-Ascetosporea;Haplosporida;Haplosporidiidae;Haplosporidium;Haplosporidium+lusitanicum;Haplosporidium;Haplosporidium+lusitanicum
DQ219484_Haplosporidium_montforti	Eukaryota;RHIZARIA;Cercozoa;Endomyxa-Ascetosporea;Haplosporida;Haplosporidiidae;Haplosporidium;Haplosporidium+montforti;Haplosporidium;Haplosporidium+montforti
U19538_Haplosporidium_nelsoni	Eukaryota;RHIZARIA;Cercozoa;Endomyxa-Ascetosporea;Haplosporida;Haplosporidiidae;Haplosporidium;Haplosporidium+nelsoni;Haplosporidium;Haplosporidium+nelsoni
AY781176_Haplosporidium_sp_MYE2005	Eukaryota;RHIZARIA;Cercozoa;Endomyxa-Ascetosporea;Haplosporida;Haplosporidiidae;Haplosporidium;Haplosporidium+sp.;Haplosporidium;Haplosporidium+sp.
AY449711_Minchinia_chitonis	Eukaryota;RHIZARIA;Cercozoa;Endomyxa-Ascetosporea;Haplosporida;Haplosporidiidae;Minchinia;Minchinia+chitonis;Minchinia;Minchinia+chitonis
FJ518816_Minchinia_mercenariae	Eukaryota;RHIZARIA;Cercozoa;Endomyxa-Ascetosporea;Haplosporida;Haplosporidiidae;Minchinia;Minchinia+mercenariae;Minchinia;Minchinia+mercenariae
EF165631_Minchinia_sp_DB2006	Eukaryota;RHIZARIA;Cercozoa;Endomyxa-Ascetosporea;Haplosporida;Haplosporidiidae;Minchinia;Minchinia+sp.;Minchinia;Minchinia+sp.
AY449710_Minchinia_tapetis	Eukaryota;RHIZARIA;Cercozoa;Endomyxa-Ascetosporea;Haplosporida;Haplosporidiidae;Minchinia;Minchinia+tapetis;Minchinia;Minchinia+tapetis
U20319_Minchinia_teredinis1991	Eukaryota;RHIZARIA;Cercozoa;Endomyxa-Ascetosporea;Haplosporida;Haplosporidiidae;Minchinia;Minchinia+teredinis;Minchinia;Minchinia+teredinis
U47852_Urosporidium_crescens	Eukaryota;RHIZARIA;Cercozoa;Endomyxa-Ascetosporea;Haplosporida;Urosporidiidae;Urosporidium;Urosporidium+crescens;Urosporidium;Urosporidium+crescens
AY449714_Slari_Xparasite	Eukaryota;RHIZARIA;Cercozoa;Endomyxa-Ascetosporea;Haplosporida;Urosporidiidae;Urosporidium;Urosporidium+sp.;#Urosporidium#;#Urosporidium+parasite#
AY449715_Pplat_Xparasite_03	Eukaryota;RHIZARIA;Cercozoa;Endomyxa-Ascetosporea;Paradinida;Paradinida_X;Paradinida_XX;Paradinida_XX+sp.;#Haplosporidian#;#Haplosporidian+parasite#
EU567275_clone_DB230551_Asceto	Eukaryota;RHIZARIA;Cercozoa;Endomyxa-Ascetosporea;Paradinida;Paradinida_X;Paradinida_XX;Paradinida_XX+sp.;Uncultured;Uncultured+cercozoan
EU189029_Paradinium_poucheti_PaOi01	Eukaryota;RHIZARIA;Cercozoa;Endomyxa-Ascetosporea;Paradinida;Paradinidae;Paradinium;Paradinium+poucheti;Paradinium;Paradinium+poucheti
EU189032_Paradinium_PaEu41	Eukaryota;RHIZARIA;Cercozoa;Endomyxa-Ascetosporea;Paradinida;Paradinidae;Paradinium;Paradinium+sp.;Paradinium;Paradinium+sp.
AJ457811_Gromia_oviformis_Madeira	Eukaryota;RHIZARIA;Cercozoa;Endomyxa-Gromiidea;Gromiida;Gromiidae;Gromia;Gromia+oviformis;Gromia;Gromia+oviformis
AJ457812_Gromia_oviformis_Reunion	Eukaryota;RHIZARIA;Cercozoa;Endomyxa-Gromiidea;Gromiida;Gromiidae;Gromia;Gromia+oviformis;Gromia;Gromia+oviformis
AJ457813_Gromia_oviformis_Antarctica	Eukaryota;RHIZARIA;Cercozoa;Endomyxa-Gromiidea;Gromiida;Gromiidae;Gromia;Gromia+oviformis;Gromia;Gromia+oviformis
AJ457814_Gromia_oviformis_Guam	Eukaryota;RHIZARIA;Cercozoa;Endomyxa-Gromiidea;Gromiida;Gromiidae;Gromia;Gromia+oviformis;Gromia;Gromia+oviformis
AJ457815_Gromia_oviformis_Hammamet	Eukaryota;RHIZARIA;Cercozoa;Endomyxa-Gromiidea;Gromiida;Gromiidae;Gromia;Gromia+oviformis;Gromia;Gromia+oviformis
AF405547_Maullinia_ectocarpii	Eukaryota;RHIZARIA;Cercozoa;Endomyxa-Phytomyxea;Phagomyxida;Phagomyxida_X;Maullinia;Maullinia+ectocarpii;Maullinia;Maullinia+ectocarpi
AB191413_clone_TAGIRI05_Phyto	Eukaryota;RHIZARIA;Cercozoa;Endomyxa-Phytomyxea;Phagomyxida;Phagomyxidae;Phagomixa;Phagomixa+sp._strain1;Uncultured;Uncultured+eukaryote
AF310903_Phagomyxa_bellerocheae	Eukaryota;RHIZARIA;Cercozoa;Endomyxa-Phytomyxea;Phagomyxida;Phagomyxidae;Phagomyxa;Phagomyxa+bellerocheae;Phagomyxa;Phagomyxa+bellerocheae
AB191412_clone_TAGIRI04_Phyto	Eukaryota;RHIZARIA;Cercozoa;Endomyxa-Phytomyxea;Phagomyxida;Phagomyxidae;Phagomyxa;Phagomyxa+sp.;Uncultured;Uncultured+eukaryote
AB252759_clone_NAMAKO19_Phyto	Eukaryota;RHIZARIA;Cercozoa;Endomyxa-Phytomyxea;Phagomyxida;Phagomyxidae;Phagomyxa;Phagomyxa+sp.;Uncultured;Uncultured+eukaryote
EF024345_clone_Elev_18S_763_Phyto	Eukaryota;RHIZARIA;Cercozoa;Endomyxa-Phytomyxea;Plasmodiophorida;Plasmodiophorida_X;Plasmodiophorida_XX;Plasmodiophorida_XX+sp.;Uncultured;Uncultured+Eimeriidae
FN690466_clone_1D9_Phyto	Eukaryota;RHIZARIA;Cercozoa;Endomyxa-Phytomyxea;Plasmodiophorida;Plasmodiophorida_X;Plasmodiophorida_XX;Plasmodiophorida_XX+sp.;Uncultured;Uncultured+eukaryote
AB526843_Plasmodiophora_brassicae_NGY	Eukaryota;RHIZARIA;Cercozoa;Endomyxa-Phytomyxea;Plasmodiophorida;Plasmodiophoridae;Plasmodiophora;Plasmodiophora+brassicae;Plasmodiophora;Plasmodiophora+brassicae
AF310898_Polymyxa_graminis	Eukaryota;RHIZARIA;Cercozoa;Endomyxa-Phytomyxea;Plasmodiophorida;Polymyxa-lineage;Polymyxa;Polymyxa+graminis;Polymyxa;Polymyxa+graminis
AF310901_Spongospora_sub_nasturtii	Eukaryota;RHIZARIA;Cercozoa;Endomyxa-Phytomyxea;Plasmodiophorida;S-nasturtii-lineage;Spongospora;Spongospora+nasturtii;Spongospora;Spongospora+subterranea
EU910610_clone_D20_Phyto	Eukaryota;RHIZARIA;Cercozoa;Endomyxa-Phytomyxea;Plasmodiophorida;S-nasturtii-lineage;Spongospora;Spongospora+sp.;Uncultured;Uncultured+plasmodiophorid
AF310899_Spongospora_sub_subterranea	Eukaryota;RHIZARIA;Cercozoa;Endomyxa-Phytomyxea;Plasmodiophorida;S-subterranea-lineage;Spongospora;Spongospora+subterranea;Spongospora;Spongospora+subterranea
FJ824131_Discomonas_retusa_CC2009b	Eukaryota;RHIZARIA;Cercozoa;Filosa;Filosa_X;Filosa_XX;Discomonas;Discomonas+retusa;Cercozoa;Cercozoa+sp.
U03477_Chlorarachnion_reptans	Eukaryota;RHIZARIA;Cercozoa;Filosa-Chlorarachnea;Chlorarachnida;Chlorarachnida_X;Chlorarachnion;Chlorarachnion+reptans;Chlorarachnion;Chlorarachnion+reptans
EF173002_EnvClone_SSRPE06	Eukaryota;RHIZARIA;Cercozoa;Filosa-Chlorarachnea;Chlorarachnida;Minorisa-lineage;Minorisa;Minorisa+minuta;Uncultured;Uncultured+eukaryote
DQ314819_EnvClone_NW61736	Eukaryota;RHIZARIA;Cercozoa;Filosa-Chlorarachnea;Filosa-Chlorarachnea_X;NPK2-lineage;NPK2-lineage_X;NPK2-lineage_X+sp.;Uncultured;Uncultured+marine
AF411283_Mesofila_limnetica_ATCC50522	Eukaryota;RHIZARIA;Cercozoa;Filosa-Granofilosea;Cryptofilida;Mesofilidae;Mesofila;Mesofila+limnetica;Dimorpha-like;Dimorpha-like+sp.
AF289081_Nanofila_marina_NPor	Eukaryota;RHIZARIA;Cercozoa;Filosa-Granofilosea;Cryptofilida;Nanofilidae;Nanofila;Nanofila+sp.;Nuclearia-like;Nuclearia-like+filose
AY305009_Clathrulina_elegans	Eukaryota;RHIZARIA;Cercozoa;Filosa-Granofilosea;Desmothoracida;Clathrulinidae;Clathrulina;Clathrulina+elegans;Clathrulina;Clathrulina+elegans
AF174370_Massisteria_marina	Eukaryota;RHIZARIA;Cercozoa;Filosa-Granofilosea;Filosa-Granofilosea_X;Massiteriidae;Massisteria;Massisteria+marina;Massisteria;Massisteria+marina
AJ514866_Limnofila_borokensis	Eukaryota;RHIZARIA;Cercozoa;Filosa-Granofilosea;Limnofilida;Limnofilidae;Limnofila;Limnofila+borokensis;Gymnophrys;Gymnophrys+cometa
X77692_Euglypha_rotunda	Eukaryota;RHIZARIA;Cercozoa;Filosa-Imbricatea;Euglyphida;Euglyphidae;Euglypha;Euglypha+rotunda;Euglypha;Euglypha+rotunda
EU484394_Auranticordis_quadriverberis_2	Eukaryota;RHIZARIA;Cercozoa;Filosa-Imbricatea;Marimonadida;Marimonadida_X;Auranticordis;Auranticordis+quadriverberis;Auranticordis;Auranticordis+quadriverberis
GQ144681_Thaumatomastix_CC002BoundaryBay	Eukaryota;RHIZARIA;Cercozoa;Filosa-Imbricatea;Thaumatomonadida;Thaumatomonadidae;Thaumatomastix;Thaumatomastix+sp.;Thaumatomastix;Thaumatomastix+sp.
AF411285_AY620253_Metopion_fluens	Eukaryota;RHIZARIA;Cercozoa;Filosa-Metromonadea;Metopiida;Metopiidae;Metopion;Metopion+fluens;Metopion;Metopion+fluens
AY620254_Metromonas_simplex	Eukaryota;RHIZARIA;Cercozoa;Filosa-Metromonadea;Metromonadida;Metromonadidae;Metromonas;Metromonas+simplex;Metromonas;Metromonas+simplex
AY266293_Coelodendrum_ramosissimum	Eukaryota;RHIZARIA;Cercozoa;Filosa-Phaeodarea;Phaeodendrida;Coelodendridae;Coelodendrum;Coelodendrum+ramosissimum;Coelodendrum;Coelodendrum+ramosissimum
FJ790717_Cavernomonas_stercoris_CavE	Eukaryota;RHIZARIA;Cercozoa;Filosa-Sarcomonadea;Cercomonadida;Cercomonadidae;Cavernomonas;Cavernomonas+stercoris;Cavernomonas;Cavernomonas+stercoris
AF101052_Paracercomonas_marina_ATCC50344	Eukaryota;RHIZARIA;Cercozoa;Filosa-Sarcomonadea;Cercomonadida;Paracercomonadidae;Paracercomonas;Paracercomonas+longicauda;Cercomonas;Cercomonas+longicauda
AF411276_Bodomorpha_minima_ATCC50339	Eukaryota;RHIZARIA;Cercozoa;Filosa-Sarcomonadea;Glissomonadida;Bodomorphidae;Bodomorpha;Bodomorpha+minima;Bodomorpha;Bodomorpha+minima
AY748806_Agitata_tremulans	Eukaryota;RHIZARIA;Cercozoa;Filosa-Sarcomonadea;Pansomonadida;Agitatidae;Agitata;Agitata+tremulans;Cercomonas;Cercomonas+agilis
AJ514867_Rhogostoma_minus	Eukaryota;RHIZARIA;Cercozoa;Filosa-Thecofilosea;Cryomonadida;Rhisaspidae;Rhogostoma;Rhogostoma+minus;Rhogostoma;Rhogostoma+sp.
DQ303923_Ebria_tripartita_2	Eukaryota;RHIZARIA;Cercozoa;Filosa-Thecofilosea;Ebriida;Ebriidae;Ebria;Ebria+tripartita;Ebria;Ebria+tripartita
AJ418794_Pseudodifflugia_cf_gracilis	Eukaryota;RHIZARIA;Cercozoa;Filosa-Thecofilosea;Tectofilosida;Pseudodifflugiidae;Pseudodifflugia;Pseudodifflugia+gracilis;Pseudodifflugia;Pseudodifflugia+gracilis
DQ243999_clone_PCB07AU2004_NC10_basal	Eukaryota;RHIZARIA;Cercozoa;Novel-Clade-10-12;Novel-Clade-10;Novel-Clade-10_X;Novel-Clade-10_XX;Novel-Clade-10_XX+sp.;Uncultured;Uncultured+cercozoan
EU162632_clone_PCC12SP2005_NC10_type1	Eukaryota;RHIZARIA;Cercozoa;Novel-Clade-10-12;Novel-Clade-10;Novel-Clade-10_X;Novel-Clade-10_XX;Novel-Clade-10_XX+sp.;Uncultured;Uncultured+cercozoan
EU162633_clone_PCA03SP2005_NC10_type1	Eukaryota;RHIZARIA;Cercozoa;Novel-Clade-10-12;Novel-Clade-10;Novel-Clade-10_X;Novel-Clade-10_XX;Novel-Clade-10_XX+sp.;Uncultured;Uncultured+cercozoan
HQ219347_clone_AY2009C14_NC10_basal	Eukaryota;RHIZARIA;Cercozoa;Novel-Clade-10-12;Novel-Clade-10;Novel-Clade-10_X;Novel-Clade-10_XX;Novel-Clade-10_XX+sp.;Uncultured;Uncultured+cercozoan
JF730776_clone_Ch8A2mE7_NC10_type2	Eukaryota;RHIZARIA;Cercozoa;Novel-Clade-10-12;Novel-Clade-10;Novel-Clade-10_X;Novel-Clade-10_XX;Novel-Clade-10_XX+sp.;Uncultured;Uncultured+eukaryote
AB622286_clone_K2JUL2009_NC10_type2	Eukaryota;RHIZARIA;Cercozoa;Novel-Clade-10-12;Novel-Clade-10;Novel-Clade-10_X;Novel-Clade-10_XX;Novel-Clade-10_XX+sp.;Uncultured;Uncultured+freshwater
AB622301_clone_K8AUG2009_NC10_type2	Eukaryota;RHIZARIA;Cercozoa;Novel-Clade-10-12;Novel-Clade-10;Novel-Clade-10_X;Novel-Clade-10_XX;Novel-Clade-10_XX+sp.;Uncultured;Uncultured+freshwater
AY919754_clone_LG2101_NC10_type1	Eukaryota;RHIZARIA;Cercozoa;Novel-Clade-10-12;Novel-Clade-10;Novel-Clade-10_X;Novel-Clade-10_XX;Novel-Clade-10_XX+sp.;Uncultured;Uncultured+freshwater
GQ330591_clone_PR43E90_EndoX	Eukaryota;RHIZARIA;Cercozoa;Novel-Clade-10-12;Novel-Clade-10;Novel-Clade-10_X;Novel-Clade-10_XX;Novel-Clade-10_XX+sp.;Uncultured;Uncultured+Rhizaria
AY821947_clone_CV1B141_NC12a	Eukaryota;RHIZARIA;Cercozoa;Novel-Clade-10-12;Novel-Clade-12;NC12A-lineage;NC12A-lineage_X;NC12A-lineage_X+sp.;Uncultured;Uncultured+cercozoan
AB505574_clone_RM2_SGM66_NC12a	Eukaryota;RHIZARIA;Cercozoa;Novel-Clade-10-12;Novel-Clade-12;NC12A-lineage;NC12A-lineage_X;NC12A-lineage_X+sp.;Uncultured;Uncultured+eukaryote
AY180001_clone_CCA80_NC12a	Eukaryota;RHIZARIA;Cercozoa;Novel-Clade-10-12;Novel-Clade-12;NC12A-lineage;NC12A-lineage_X;NC12A-lineage_X+sp.;Uncultured;Uncultured+eukaryote
AY180002_clone_CCA33_NC12a	Eukaryota;RHIZARIA;Cercozoa;Novel-Clade-10-12;Novel-Clade-12;NC12A-lineage;NC12A-lineage_X;NC12A-lineage_X+sp.;Uncultured;Uncultured+eukaryote
EU567291_clone_DB230533_NC12a	Eukaryota;RHIZARIA;Cercozoa;Novel-Clade-10-12;Novel-Clade-12;NC12A-lineage;NC12A-lineage_X;NC12A-lineage_X+sp.;Uncultured;Uncultured+eukaryote
EU567288_clone_DB230521_NC12b	Eukaryota;RHIZARIA;Cercozoa;Novel-Clade-10-12;Novel-Clade-12;NC12B-lineage;NC12B-lineage_X;NC12B-lineage_X+sp.;Uncultured;Uncultured+cercozoan
EU567290_clone_DB270319_NC12b	Eukaryota;RHIZARIA;Cercozoa;Novel-Clade-10-12;Novel-Clade-12;NC12B-lineage;NC12B-lineage_X;NC12B-lineage_X+sp.;Uncultured;Uncultured+cercozoan
AB252760_clone_NAMAKO20_NC12b	Eukaryota;RHIZARIA;Cercozoa;Novel-Clade-10-12;Novel-Clade-12;NC12B-lineage;NC12B-lineage_X;NC12B-lineage_X+sp.;Uncultured;Uncultured+eukaryote
DQ244000_clone_PCC04AU2004_NC12b	Eukaryota;RHIZARIA;Cercozoa;Novel-Clade-10-12;Novel-Clade-12;NC12B-lineage;NC12B-lineage_X;NC12B-lineage_X+sp.;Uncultured;Uncultured+freshwater
FJ153639_clone_GoC1F06_NC12b	Eukaryota;RHIZARIA;Cercozoa;Novel-Clade-10-12;Novel-Clade-12;NC12B-lineage;NC12B-lineage_X;NC12B-lineage_X+sp.;Uncultured;
HQ121439_Tremula_longifila_ATCC50530	Eukaryota;RHIZARIA;Cercozoa;Novel-Clade-10-12;Tremulida;Tremulidae;Tremula;Tremula+longifila;Cercozoa;Cercozoa+sp.
EU567285_clone_db5_NC11	Eukaryota;RHIZARIA;Cercozoa;Novel-Clade-10-12;Tremulida;Tremulidae;Tremula;Tremula+sp.;Uncultured;Uncultured+cercozoan
EU567286_clone_lb6_NC11	Eukaryota;RHIZARIA;Cercozoa;Novel-Clade-10-12;Tremulida;Tremulidae;Tremula;Tremula+sp.;Uncultured;Uncultured+cercozoan
GU246576_clone_MO010_500_0014_Acantharea	Eukaryota;RHIZARIA;Radiolaria;Acantharea;Acantharea_X;Acantharea_XX;Acantharea_XXX;Acantharea_XXX+sp.;Uncultured;Uncultured+marine
AJ402342_clone_OLI11032_Acantharea	Eukaryota;RHIZARIA;Radiolaria;Acantharea;Acantharea-Group-II;Acantharea-Group-II_X;Acantharea-Group-II_XX;Acantharea-Group-II_XX+sp.;eukaryote;eukaryote+clone
DQ314821_clone_NW614_49_Acantharea	Eukaryota;RHIZARIA;Radiolaria;Acantharea;Acantharea-Group-VI;Acantharea-Group-VI_X;Acantharea-Group-VI_XX;Acantharea-Group-VI_XX+sp.;Uncultured;Uncultured+marine
AF063240_Acanthometra_sp_205	Eukaryota;RHIZARIA;Radiolaria;Acantharea;Arthracanthida-Symphyacanthida;Arthracanthida-Symphyacanthida_X;Acanthometra;Acanthometra+sp.;Acanthometra;Acanthometra+sp.
AF063242_Symphyacanthida_sp_211	Eukaryota;RHIZARIA;Radiolaria;Acantharea;Chaunacanthida;Chaunacanthida_X;Symphyacanthida;Symphyacanthida+sp.;Symphyacanthida;Symphyacanthida+sp.
EF172833_clone_SSRPB73_Polycystinea	Eukaryota;RHIZARIA;Radiolaria;Polycystinea;Collodaria-Nassellarida;Collodaria;Collodaria_X;Collodaria_X+sp.;Uncultured;Uncultured+eukaryote
AY266295_Collozoum_inerme	Eukaryota;RHIZARIA;Radiolaria;Polycystinea;Collodaria-Nassellarida;Collodaria;Collozoum;Collozoum+inerme;Collozoum;Collozoum+inerme
HQ651779_Eucyrtidium_calvertense_129	Eukaryota;RHIZARIA;Radiolaria;Polycystinea;Collodaria-Nassellarida;Eucyrtidium-Group;Eucyrtidium;Eucyrtidium+calvertense;Eucyrtidium;Eucyrtidium+calvertense
HQ651791_Ceratospyris_hyperborea_134	Eukaryota;RHIZARIA;Radiolaria;Polycystinea;Collodaria-Nassellarida;Nassellarida;Ceratospyris;Ceratospyris+hyperborea;Ceratospyris;Ceratospyris+hyperborea
AB246697_Pterocorys_zancleus	Eukaryota;RHIZARIA;Radiolaria;Polycystinea;Collodaria-Nassellarida;Nassellarida;Pterocorys;Pterocorys+zancleus;Pterocorys;Pterocorys+zancleus
EU287801_clone_OLI011_75m_2_5_Polycystinea	Eukaryota;RHIZARIA;Radiolaria;Polycystinea;Spumellarida;Pyloniidae-Spongodiscidae;Pyloniidae-Spongodiscidae_X;Pyloniidae-Spongodiscidae_X+sp.;Uncultured;Uncultured+marine
AB246698_Stylodictya_sp_8037	Eukaryota;RHIZARIA;Radiolaria;Polycystinea;Spumellarida;Pyloniidae-Spongodiscidae;Stylodictya;Stylodictya+sp.;Stylodictya;Stylodictya+sp.
AB101542_Spongaster_tetras	Eukaryota;RHIZARIA;Radiolaria;Polycystinea;Spumellarida;Spongodiscidae-Coccodiscidae;Spongaster;Spongaster+tetras;Spongaster;Spongaster+tetras
AB490705_Arachnosphaera_myriacantha	Eukaryota;RHIZARIA;Radiolaria;Polycystinea;Spumellarida;Spumellarida-Group-I;Arachnosphaera;Arachnosphaera+myriacantha;Arachnosphaera;Arachnosphaera+myriacantha
EU287796_clone_OLI011_75m_82_Radiolaria	Eukaryota;RHIZARIA;Radiolaria;RAD-A;RAD-A_X;RAD-A_XX;RAD-A_XXX;RAD-A_XXX+sp.;Uncultured;Uncultured+marine
AF530525_clone_AT494_Radiolaria	Eukaryota;RHIZARIA;Radiolaria;RAD-B;RAD-B_X;RAD-B_XX;RAD-B_XXX;RAD-B_XXX+sp.;Uncultured;Uncultured+acantharean
AY665046_clone_SCM28C110_Taxopodida	Eukaryota;RHIZARIA;Radiolaria;RAD-B;RAD-B_X;RAD-B_XX;RAD-B_XXX;RAD-B_XXX+sp.;Uncultured;Uncultured+eukaryote
GU246583_clone_MO010_880_0003_Radiolaria	Eukaryota;RHIZARIA;Radiolaria;RAD-B;RAD-B_X;RAD-B_XX;RAD-B_XXX;RAD-B_XXX+sp.;Uncultured;Uncultured+marine
FJ537313_clone_Biosope_T33_044_Taxopodida	Eukaryota;RHIZARIA;Radiolaria;RAD-B;RAD-B_X;RAD-B-Group-II;RAD-B-Group-II_X;RAD-B-Group-II_X+sp.;Uncultured;Uncultured+Polycystinea
AY268045_Sticholonche_zanclea	Eukaryota;RHIZARIA;Radiolaria;RAD-B;RAD-B_X;Sticholonche;Sticholonche;Sticholonche+sp.;Sticholonche;Sticholonche+sp.
AY268038_Micronuclearia_podoventralis	Eukaryota;RIGIFILIDA;Rigifilida_X;Rigifilida_XX;Rigifilida_XXX;Rigifilida_XXXX;Micronuclearia;Micronuclearia+podoventralis;Micronuclearia;Micronuclearia+podoventralis
XXX_Rigifila_YPF923_Akinori	Eukaryota;RIGIFILIDA;Rigifilida_X;Rigifilida_XX;Rigifilida_XXX;Rigifilida_XXXX;Rigifila;Rigifila+sp.;Rigifila;Rigifila+sp.
AJ535169_Thalassiosira_pseudonana	Eukaryota;STRAMENOPILES;Ochrophyta;Bacillariophyta;Bacillariophyta_X;Polar-centric-Mediophyceae;Thalassiosira;Thalassiosira+pseudonana;Thalassiosira;Thalassiosira+pseudonana
M87329_Rhizosolenia_setigera	Eukaryota;STRAMENOPILES;Ochrophyta;Bacillariophyta;Bacillariophyta_X;Radial-centric-basal-Coscinodiscophyceae;Guinardia;Guinardia+delicatula;Rhizosolenia;Rhizosolenia+setigera
M87325_Bacillaria_paxillifer	Eukaryota;STRAMENOPILES;Ochrophyta;Bacillariophyta;Bacillariophyta_X;Raphid-pennate;Bacillaria;Bacillaria+paxillifer;Bacillaria;Bacillaria+paxillifer
AF123596_Bolidomonas_mediterranea	Eukaryota;STRAMENOPILES;Ochrophyta;Bolidophyceae-and-relatives;Bolidophyceae-and-relatives_X;Bolidophyceae-and-relatives_XX;Bolidomonas;Bolidomonas+mediterranea;Bolidomonas;Bolidomonas+mediterranea
U73220_Synura_mammillosa	Eukaryota;STRAMENOPILES;Ochrophyta;Chrysophyceae-Synurophyceae;Synurales;Synurales_X;Synura;Synura+mammillosa;Synura;Synura+mammillosa
U14385_Dictyocha_speculum	Eukaryota;STRAMENOPILES;Ochrophyta;Dictyochophyceae;Dictyochophyceae_X;Dictyochales;Dictyocha;Dictyocha+speculum;Uncultured;Uncultured+marine
L37205_Ciliophrys_infusionum	Eukaryota;STRAMENOPILES;Ochrophyta;Dictyochophyceae;Dictyochophyceae_X;Dictyochophyceae_XX;Ciliophrys;Ciliophrys+infusionum;Ciliophrys;Ciliophrys+infusionum
M87328_Nannochloropsis_salina	Eukaryota;STRAMENOPILES;Ochrophyta;Eustigmatophyceae;Eustigmatophyceae_X;Eustigmatophyceae_XX;Nannochloropsis;Nannochloropsis+salina;Nannochloropsis;Nannochloropsis+salina
U14389_Pelagomonas_calceolata	Eukaryota;STRAMENOPILES;Ochrophyta;Pelagophyceae;Pelagophyceae_X;Pelagophyceae_XX;Pelagomonas;Pelagomonas+calceolata;Pelagomonas;Pelagomonas+calceolata
M97959_Fucus_distichus	Eukaryota;STRAMENOPILES;Ochrophyta;Phaeophyceae;Phaeophyceae_X;Phaeophyceae_XX;Fucus;Fucus+distichus;Fucus;Fucus+distichus
AF083397_Tribonema_intermixtum	Eukaryota;STRAMENOPILES;Ochrophyta;Xanthophyceae;Xanthophyceae_X;Xanthophyceae_XX;Tribonema;Tribonema+intermixum;Tribonema;Tribonema+intermixum
AF174367_Caecitellus_parvulus	Eukaryota;STRAMENOPILES;Stramenopiles_X;Bicoecea;Anoecales;Caecitellaceae;Caecitellus;Caecitellus+parvulus;Caecitellus;Caecitellus+parvulus
AF174366_Cafeteria_sp_EPM1	Eukaryota;STRAMENOPILES;Stramenopiles_X;Bicoecea;Anoecales;Cafeteriaceae;Cafeteria;Cafeteria+sp.;Cafeteria;Cafeteria+sp.
AF185052_Symbiomonas_scintillans	Eukaryota;STRAMENOPILES;Stramenopiles_X;Bicoecea;Anoecales;Symbiomonaceae;Symbiomonas;Symbiomonas+scintillans;Symbiomonas;Symbiomonas+scintillans
AB252771_EnvClone_MaSt13_NAMAKO31	Eukaryota;STRAMENOPILES;Stramenopiles_X;Bicoecea;Bicoecea_X;Bicoecea_XX;Bicoecea_XXX;Bicoecea_XXX+sp.;Uncultured;Uncultured+eukaryote
AF315604_Pseudobodo_tremulans	Eukaryota;STRAMENOPILES;Stramenopiles_X;Bicoecea;Borokales;Borokaceae;Pseudobodo;Pseudobodo+tremulans;Pseudobodo;Pseudobodo+tremulans
U37107_Developayella_elegans	Eukaryota;STRAMENOPILES;Stramenopiles_X;Bigyromonadea;Bigyromonadea_X;Bigyromonadea_XX;Developayella;Developayella+elegans;Developayella;Developayella+elegans
X80344_Hyphochytrium_catenoides	Eukaryota;STRAMENOPILES;Stramenopiles_X;Hyphochytriomyceta;Hyphochytrydiales;Hyphochrytriaceae;Hyphochytrium;Hyphochytrium+catenoides;Hyphochytrium;Hyphochytrium+catenoides
AB095092_Labyrinthula_sp_L59	Eukaryota;STRAMENOPILES;Stramenopiles_X;Labyrinthulea;Labyrinthulales;Labyrinthulaceae;Labyrinthula;Labyrinthula+sp.;Labyrinthula;Labyrinthula+sp.
L27634_Labyrinthuloides_minuta	Eukaryota;STRAMENOPILES;Stramenopiles_X;Labyrinthulea;Labyrinthulales;Labyrinthulaceae;Labyrinthuloides;Labyrinthuloides+minuta;Labyrinthuloides;Labyrinthuloides+minuta
AB022108_Schizochytrium_minutum	Eukaryota;STRAMENOPILES;Stramenopiles_X;Labyrinthulea;Labyrinthulales;Labyrinthulaceae;Schizochytrium;Schizochytrium+minutum;Schizochytrium;Schizochytrium+minutum
L34054_Ulkenia_profunda	Eukaryota;STRAMENOPILES;Stramenopiles_X;Labyrinthulea;Thraustochytriales;Thraustochytriaceae;Ulkenia;Ulkenia+profunda;Ulkenia;Ulkenia+profunda
AB275039_EnvClone_MaSt12_DSGM39	Eukaryota;STRAMENOPILES;Stramenopiles_X;MAST;MAST-12;MAST-12E;MAST-12E_X;MAST-12E_X+sp.;Uncultured;Uncultured+eukaryote
AF363186_EnvClone_MaSt02_ME117	Eukaryota;STRAMENOPILES;Stramenopiles_X;MAST;MAST-2;MAST-2B;MAST-2B_X;MAST-2B_X+sp.;eukaryote;eukaryote+marine
AF363207_EnvClone_MaSt06_ME124	Eukaryota;STRAMENOPILES;Stramenopiles_X;MAST;MAST-6;MAST-6_X;MAST-6_XX;MAST-6_XX+sp.;eukaryote;eukaryote+marine
AB191426_EnvClone_MaSt09_TAGIRI18	Eukaryota;STRAMENOPILES;Stramenopiles_X;MAST;MAST-9;MAST-9A;MAST-9A_X;MAST-9A_X+sp.;Uncultured;Uncultured+eukaryote
AY032607_Eurychasma_dicksonii	Eukaryota;STRAMENOPILES;Stramenopiles_X;Oomycota;Oomycota_X;Eurychasmales;Eurychasma;Eurychasma+dicksonii;Eurychasma;Eurychasma+dicksonii
M54938_Phytophthora_megasperma	Eukaryota;STRAMENOPILES;Stramenopiles_X;Oomycota;Oomycota_X;Peronosporales;Phytophthora;Phytophthora+megasperma;Phytophthora;Phytophthora+megasperma
M32705_Achlya_bisexualis	Eukaryota;STRAMENOPILES;Stramenopiles_X;Oomycota;Oomycota_X;Saprolegniales;Achlya;Achlya+bisexualis;Achlya;Achlya+bisexualis
U51151_Blastocystis_hominis	Eukaryota;STRAMENOPILES;Stramenopiles_X;Opalinata;Opalinata_X;Blastocystis-Group;Blastocystis;Blastocystis+hominis;Blastocystis;Blastocystis+hominis
AY266473_Blastocystis_geocheloni	Eukaryota;STRAMENOPILES;Stramenopiles_X;Opalinata;Opalinata_X;Opalinata_XX;Blastocystis;Blastocystis+geocheloni;Blastocystis;Blastocystis+geocheloni
U37108_Proteromonas_lacertae	Eukaryota;STRAMENOPILES;Stramenopiles_X;Opalinata;Opalinata_X;Proteromonadidae;Proteromonas;Proteromonas+lacertae;Proteromonas;Proteromonas+lacertae
AY576544_Protoopalina_intestinalis	Eukaryota;STRAMENOPILES;Stramenopiles_X;Opalinata;Opalinata_X;Proteromonadidae;Protoopalina;Protoopalina+intestinalis;Protoopalina;Protoopalina+intestinalis
AJ561114_Pirsonia_diadema	Eukaryota;STRAMENOPILES;Stramenopiles_X;Pirsonia;Pirsonia_X;Pirsonia_XX;Pirsonia;Pirsonia+diadema;Pirsonia;Pirsonia+diadema
AB032606_Wobblia_lunata	Eukaryota;STRAMENOPILES;Stramenopiles_X;Placidideae;Placidiales;Placidiales_X;Wobblia;Wobblia+lunata;Wobblia;Wobblia+lunata
